Hardware,Scenario,Group,Execution,ScenarioStartTime,Action,Type,Event,Time
DT - KVS8001,Bump Order,1,1,20260710200706909,Serve Order,HOOK_START,,20260710200706909
DT - KVS8001,Bump Order,1,1,20260710200706909,Serve Order,HOOK_END,,20260710200706959
DT - KVS8001,Bump Order,1,1,20260710201136958,Serve Order,HOOK_START,,20260710201136958
DT - KVS8001,Bump Order,1,1,20260710201136958,Serve Order,HOOK_END,,20260710201137010
DT - KVS8001,Bump Order,1,1,20260710201542803,Serve Order,HOOK_START,,20260710201542803
DT - KVS8001,Bump Order,1,1,20260710201542803,Serve Order,HOOK_END,,20260710201543121
DT - KVS8001,Bump Order,1,1,20260710202036861,Serve Order,HOOK_START,,20260710202036861
DT - KVS8001,Bump Order,1,1,20260710202036861,Serve Order,HOOK_END,,20260710202037126
DT - KVS8001,Bump Order,1,1,20260710202457121,Serve Order,HOOK_START,,20260710202457121
DT - KVS8001,Bump Order,1,1,20260710202457121,Serve Order,HOOK_END,,20260710202457240
DT - KVS8001,Bump Order,1,1,20260710202933102,Serve Order,HOOK_START,,20260710202933102
DT - KVS8001,Bump Order,1,1,20260710202933102,Serve Order,HOOK_END,,20260710202933256
DT - KVS8001,Bump Order,1,1,20260710203359764,Serve Order,HOOK_START,,20260710203359764
DT - KVS8001,Bump Order,1,1,20260710203359764,Serve Order,HOOK_END,,20260710203359995
DT - KVS8001,Bump Order,1,1,20260710203814907,Serve Order,HOOK_START,,20260710203814907
DT - KVS8001,Bump Order,1,1,20260710203814907,Serve Order,HOOK_END,,20260710203815024
DT - KVS8001,Bump Order,1,1,20260710204254985,Serve Order,HOOK_START,,20260710204254985
DT - KVS8001,Bump Order,1,1,20260710204254985,Serve Order,HOOK_END,,20260710204255057
DT - KVS8001,Bump Order,1,1,20260710204722642,Serve Order,HOOK_START,,20260710204722642
DT - KVS8001,Bump Order,1,1,20260710204722642,Serve Order,HOOK_END,,20260710204722972
DT - KVS8001,Bump Order,1,1,20260710205131690,Serve Order,HOOK_START,,20260710205131690
DT - KVS8001,Bump Order,1,1,20260710205131690,Serve Order,HOOK_END,,20260710205131775
DT - KVS8001,Bump Order,1,1,20260710205616978,Serve Order,HOOK_START,,20260710205616978
DT - KVS8001,Bump Order,1,1,20260710205616978,Serve Order,HOOK_END,,20260710205617186
DT - KVS8001,Bump Order,1,1,20260710210045268,Serve Order,HOOK_START,,20260710210045268
DT - KVS8001,Bump Order,1,1,20260710210045268,Serve Order,HOOK_END,,20260710210045428
DT - KVS8001,Bump Order,1,1,20260710210047867,Serve Order,HOOK_START,,20260710210047867
DT - KVS8001,Bump Order,1,1,20260710210047867,Serve Order,HOOK_END,,20260710210048070
DT - KVS8001,Bump Order,1,1,20260710210518015,Serve Order,HOOK_START,,20260710210518015
DT - KVS8001,Bump Order,1,1,20260710210518015,Serve Order,HOOK_END,,20260710210518089
DT - KVS8001,Bump Order,1,1,20260710210948097,Serve Order,HOOK_START,,20260710210948097
DT - KVS8001,Bump Order,1,1,20260710210948097,Serve Order,HOOK_END,,20260710210948156
DT - KVS8001,Bump Order,1,1,20260710211353716,Serve Order,HOOK_START,,20260710211353716
DT - KVS8001,Bump Order,1,1,20260710211353716,Serve Order,HOOK_END,,20260710211353954
DT - KVS8001,Bump Order,1,1,20260710211850043,Serve Order,HOOK_START,,20260710211850043
DT - KVS8001,Bump Order,1,1,20260710211850043,Serve Order,HOOK_END,,20260710211850206
DT - KVS8001,Bump Order,1,1,20260710212303510,Serve Order,HOOK_START,,20260710212303510
DT - KVS8001,Bump Order,1,1,20260710212303510,Serve Order,HOOK_END,,20260710212303733
DT - KVS8001,Bump Order,1,1,20260710212749798,Serve Order,HOOK_START,,20260710212749798
DT - KVS8001,Bump Order,1,1,20260710212749798,Serve Order,HOOK_END,,20260710212750069
DT - KVS8001,Bump Order,1,1,20260710213218812,Serve Order,HOOK_START,,20260710213218812
DT - KVS8001,Bump Order,1,1,20260710213218812,Serve Order,HOOK_END,,20260710213219206
DT - KVS8001,Bump Order,1,1,20260710213220118,Serve Order,HOOK_START,,20260710213220118
DT - KVS8001,Bump Order,1,1,20260710213220118,Serve Order,HOOK_END,,20260710213220291
DT - KVS8001,Bump Order,1,1,20260710213650123,Serve Order,HOOK_START,,20260710213650123
DT - KVS8001,Bump Order,1,1,20260710213650123,Serve Order,HOOK_END,,20260710213650341
DT - KVS8001,Bump Order,1,1,20260710214120198,Serve Order,HOOK_START,,20260710214120198
DT - KVS8001,Bump Order,1,1,20260710214120198,Serve Order,HOOK_END,,20260710214120471
DT - KVS8001,Bump Order,1,1,20260710214534594,Serve Order,HOOK_START,,20260710214534594
DT - KVS8001,Bump Order,1,1,20260710214534594,Serve Order,HOOK_END,,20260710214534801
DT - KVS8001,Bump Order,1,1,20260710215020920,Serve Order,HOOK_START,,20260710215020920
DT - KVS8001,Bump Order,1,1,20260710215020920,Serve Order,HOOK_END,,20260710215021102
DT - KVS8001,Bump Order,1,1,20260710215447304,Serve Order,HOOK_START,,20260710215447304
DT - KVS8001,Bump Order,1,1,20260710215447304,Serve Order,HOOK_END,,20260710215447519
DT - KVS8001,Bump Order,1,1,20260710215922282,Serve Order,HOOK_START,,20260710215922282
DT - KVS8001,Bump Order,1,1,20260710215922282,Serve Order,HOOK_END,,20260710215922363
DT - KVS8001,Bump Order,1,1,20260710220354017,Serve Order,HOOK_START,,20260710220354017
DT - KVS8001,Bump Order,1,1,20260710220354017,Serve Order,HOOK_END,,20260710220354110
DT - KVS8001,Bump Order,1,1,20260710220820710,Serve Order,HOOK_START,,20260710220820710
DT - KVS8001,Bump Order,1,1,20260710220820710,Serve Order,HOOK_END,,20260710220820926
DT - KVS8001,Bump Order,1,1,20260710221248108,Serve Order,HOOK_START,,20260710221248108
DT - KVS8001,Bump Order,1,1,20260710221248108,Serve Order,HOOK_END,,20260710221248279
DT - KVS8001,Bump Order,1,1,20260710221702878,Serve Order,HOOK_START,,20260710221702878
DT - KVS8001,Bump Order,1,1,20260710221702878,Serve Order,HOOK_END,,20260710221703215
DT - KVS8001,Bump Order,1,1,20260710222142478,Serve Order,HOOK_START,,20260710222142478
DT - KVS8001,Bump Order,1,1,20260710222142478,Serve Order,HOOK_END,,20260710222142648
DT - KVS8001,Bump Order,1,1,20260710222611271,Serve Order,HOOK_START,,20260710222611271
DT - KVS8001,Bump Order,1,1,20260710222611271,Serve Order,HOOK_END,,20260710222611551
DT - KVS8001,Bump Order,1,1,20260710222612667,Serve Order,HOOK_START,,20260710222612667
DT - KVS8001,Bump Order,1,1,20260710222612667,Serve Order,HOOK_END,,20260710222612907
DT - KVS8001,Bump Order,1,1,20260710223039295,Serve Order,HOOK_START,,20260710223039295
DT - KVS8001,Bump Order,1,1,20260710223039295,Serve Order,HOOK_END,,20260710223039405
DT - KVS8001,Bump Order,1,1,20260710223505112,Serve Order,HOOK_START,,20260710223505112
DT - KVS8001,Bump Order,1,1,20260710223505112,Serve Order,HOOK_END,,20260710223505171
DT - KVS8001,Bump Order,1,1,20260710223921264,Serve Order,HOOK_START,,20260710223921264
DT - KVS8001,Bump Order,1,1,20260710223921264,Serve Order,HOOK_END,,20260710223921323
DT - KVS8001,Bump Order,1,1,20260710224403566,Serve Order,HOOK_START,,20260710224403566
DT - KVS8001,Bump Order,1,1,20260710224403566,Serve Order,HOOK_END,,20260710224403617
DT - KVS8001,Bump Order,1,1,20260710224829167,Serve Order,HOOK_START,,20260710224829167
DT - KVS8001,Bump Order,1,1,20260710224829167,Serve Order,HOOK_END,,20260710224829408
DT - KVS8001,Bump Order,1,1,20260710225301172,Serve Order,HOOK_START,,20260710225301172
DT - KVS8001,Bump Order,1,1,20260710225301172,Serve Order,HOOK_END,,20260710225301291
DT - KVS8001,Bump Order,1,1,20260710225730140,Serve Order,HOOK_START,,20260710225730140
DT - KVS8001,Bump Order,1,1,20260710225730140,Serve Order,HOOK_END,,20260710225730191
DT - KVS8001,Bump Order,1,1,20260710230138094,Serve Order,HOOK_START,,20260710230138094
DT - KVS8001,Bump Order,1,1,20260710230138094,Serve Order,HOOK_END,,20260710230138158
DT - KVS8001,Bump Order,1,1,20260710230623653,Serve Order,HOOK_START,,20260710230623653
DT - KVS8001,Bump Order,1,1,20260710230623653,Serve Order,HOOK_END,,20260710230623745
DT - KVS8001,Bump Order,1,1,20260710231051197,Serve Order,HOOK_START,,20260710231051197
DT - KVS8001,Bump Order,1,1,20260710231051197,Serve Order,HOOK_END,,20260710231051275
DT - KVS8001,Bump Order,1,1,20260710231052569,Serve Order,HOOK_START,,20260710231052569
DT - KVS8001,Bump Order,1,1,20260710231052569,Serve Order,HOOK_END,,20260710231052644
DT - KVS8001,Bump Order,1,1,20260710231522963,Serve Order,HOOK_START,,20260710231522963
DT - KVS8001,Bump Order,1,1,20260710231522963,Serve Order,HOOK_END,,20260710231523116
DT - KVS8001,Bump Order,1,1,20260710231952347,Serve Order,HOOK_START,,20260710231952347
DT - KVS8001,Bump Order,1,1,20260710231952347,Serve Order,HOOK_END,,20260710231952409
DT - KVS8001,Bump Order,1,1,20260710232402488,Serve Order,HOOK_START,,20260710232402488
DT - KVS8001,Bump Order,1,1,20260710232402488,Serve Order,HOOK_END,,20260710232402545
DT - KVS8001,Bump Order,1,1,20260710232851888,Serve Order,HOOK_START,,20260710232851888
DT - KVS8001,Bump Order,1,1,20260710232851888,Serve Order,HOOK_END,,20260710232851940
DT - KVS8001,Bump Order,1,1,20260710233311428,Serve Order,HOOK_START,,20260710233311428
DT - KVS8001,Bump Order,1,1,20260710233311428,Serve Order,HOOK_END,,20260710233311486
DT - KVS8001,Bump Order,1,1,20260710233713060,Serve Order,HOOK_START,,20260710233713060
DT - KVS8001,Bump Order,1,1,20260710233713060,Serve Order,HOOK_END,,20260710233713174
DT - KVS8001,Bump Order,1,1,20260710234115192,Serve Order,HOOK_START,,20260710234115192
DT - KVS8001,Bump Order,1,1,20260710234115192,Serve Order,HOOK_END,,20260710234115245
DT - KVS8001,Bump Order,1,1,20260710234544755,Serve Order,HOOK_START,,20260710234544755
DT - KVS8001,Bump Order,1,1,20260710234544755,Serve Order,HOOK_END,,20260710234544807
DT - KVS8001,Bump Order,1,1,20260710235015700,Serve Order,HOOK_START,,20260710235015700
DT - KVS8001,Bump Order,1,1,20260710235015700,Serve Order,HOOK_END,,20260710235015843
DT - KVS8001,Bump Order,1,1,20260710235419144,Serve Order,HOOK_START,,20260710235419144
DT - KVS8001,Bump Order,1,1,20260710235419144,Serve Order,HOOK_END,,20260710235419233
DT - KVS8001,Bump Order,1,1,20260710235915398,Serve Order,HOOK_START,,20260710235915398
DT - KVS8001,Bump Order,1,1,20260710235915398,Serve Order,HOOK_END,,20260710235915501
DT - KVS8001,Bump Order,1,1,20260711000339116,Serve Order,HOOK_START,,20260711000339116
DT - KVS8001,Bump Order,1,1,20260711000339116,Serve Order,HOOK_END,,20260711000339224
DT - KVS8001,Bump Order,1,1,20260711000816208,Serve Order,HOOK_START,,20260711000816208
DT - KVS8001,Bump Order,1,1,20260711000816208,Serve Order,HOOK_END,,20260711000816264
DT - KVS8001,Bump Order,1,1,20260711001245906,Serve Order,HOOK_START,,20260711001245906
DT - KVS8001,Bump Order,1,1,20260711001245906,Serve Order,HOOK_END,,20260711001246104
DT - KVS8001,Bump Order,1,1,20260711001651743,Serve Order,HOOK_START,,20260711001651743
DT - KVS8001,Bump Order,1,1,20260711001651743,Serve Order,HOOK_END,,20260711001651941
DT - KVS8001,Bump Order,1,1,20260711002140840,Serve Order,HOOK_START,,20260711002140840
DT - KVS8001,Bump Order,1,1,20260711002140840,Serve Order,HOOK_END,,20260711002140916
DT - KVS8001,Bump Order,1,1,20260711002608481,Serve Order,HOOK_START,,20260711002608481
DT - KVS8001,Bump Order,1,1,20260711002608481,Serve Order,HOOK_END,,20260711002608532
DT - KVS8001,Bump Order,1,1,20260711002610579,Serve Order,HOOK_START,,20260711002610579
DT - KVS8001,Bump Order,1,1,20260711002610579,Serve Order,HOOK_END,,20260711002610776
DT - KVS8001,Bump Order,1,1,20260711003036310,Serve Order,HOOK_START,,20260711003036310
DT - KVS8001,Bump Order,1,1,20260711003036310,Serve Order,HOOK_END,,20260711003036376
DT - KVS8001,Bump Order,1,1,20260711003506206,Serve Order,HOOK_START,,20260711003506206
DT - KVS8001,Bump Order,1,1,20260711003506206,Serve Order,HOOK_END,,20260711003506273
DT - KVS8001,Bump Order,1,1,20260711003922455,Serve Order,HOOK_START,,20260711003922455
DT - KVS8001,Bump Order,1,1,20260711003922455,Serve Order,HOOK_END,,20260711003922736
DT - KVS8001,Bump Order,1,1,20260711004401932,Serve Order,HOOK_START,,20260711004401932
DT - KVS8001,Bump Order,1,1,20260711004401932,Serve Order,HOOK_END,,20260711004402032
DT - KVS8001,Bump Order,1,1,20260711004830614,Serve Order,HOOK_START,,20260711004830614
DT - KVS8001,Bump Order,1,1,20260711004830614,Serve Order,HOOK_END,,20260711004830761
DT - KVS8001,Bump Order,1,1,20260711005233875,Serve Order,HOOK_START,,20260711005233875
DT - KVS8001,Bump Order,1,1,20260711005233875,Serve Order,HOOK_END,,20260711005234077
DT - KVS8001,Bump Order,1,1,20260711005731853,Serve Order,HOOK_START,,20260711005731853
DT - KVS8001,Bump Order,1,1,20260711005731853,Serve Order,HOOK_END,,20260711005732052
DT - KVS8001,Bump Order,1,1,20260711010144983,Serve Order,HOOK_START,,20260711010144983
DT - KVS8001,Bump Order,1,1,20260711010144983,Serve Order,HOOK_END,,20260711010145204
DT - KVS8001,Bump Order,1,1,20260711010631130,Serve Order,HOOK_START,,20260711010631130
DT - KVS8001,Bump Order,1,1,20260711010631130,Serve Order,HOOK_END,,20260711010631353
DT - KVS8001,Bump Order,1,1,20260711011102300,Serve Order,HOOK_START,,20260711011102300
DT - KVS8001,Bump Order,1,1,20260711011102300,Serve Order,HOOK_END,,20260711011102377
DT - KVS8001,Bump Order,1,1,20260711011102731,Serve Order,HOOK_START,,20260711011102731
DT - KVS8001,Bump Order,1,1,20260711011102731,Serve Order,HOOK_END,,20260711011102866
DT - KVS8001,Bump Order,1,1,20260711011531835,Serve Order,HOOK_START,,20260711011531835
DT - KVS8001,Bump Order,1,1,20260711011531835,Serve Order,HOOK_END,,20260711011531917
DT - KVS8001,Bump Order,1,1,20260711012001688,Serve Order,HOOK_START,,20260711012001688
DT - KVS8001,Bump Order,1,1,20260711012001688,Serve Order,HOOK_END,,20260711012001840
DT - KVS8001,Bump Order,1,1,20260711012410281,Serve Order,HOOK_START,,20260711012410281
DT - KVS8001,Bump Order,1,1,20260711012410281,Serve Order,HOOK_END,,20260711012410336
DT - KVS8001,Bump Order,1,1,20260711012910187,Serve Order,HOOK_START,,20260711012910187
DT - KVS8001,Bump Order,1,1,20260711012910187,Serve Order,HOOK_END,,20260711012910240
DT - KVS8001,Bump Order,1,1,20260711013321650,Serve Order,HOOK_START,,20260711013321650
DT - KVS8001,Bump Order,1,1,20260711013321650,Serve Order,HOOK_END,,20260711013321723
DT - KVS8001,Bump Order,1,1,20260711013809585,Serve Order,HOOK_START,,20260711013809585
DT - KVS8001,Bump Order,1,1,20260711013809585,Serve Order,HOOK_END,,20260711013809762
DT - KVS8001,Bump Order,1,1,20260711014228458,Serve Order,HOOK_START,,20260711014228458
DT - KVS8001,Bump Order,1,1,20260711014228458,Serve Order,HOOK_END,,20260711014228683
DT - KVS8001,Bump Order,1,1,20260711014708890,Serve Order,HOOK_START,,20260711014708890
DT - KVS8001,Bump Order,1,1,20260711014708890,Serve Order,HOOK_END,,20260711014709093
DT - KVS8001,Bump Order,1,1,20260711015137596,Serve Order,HOOK_START,,20260711015137596
DT - KVS8001,Bump Order,1,1,20260711015137596,Serve Order,HOOK_END,,20260711015137659
DT - KVS8001,Bump Order,1,1,20260711015138531,Serve Order,HOOK_START,,20260711015138531
DT - KVS8001,Bump Order,1,1,20260711015138531,Serve Order,HOOK_END,,20260711015138599
DT - KVS8001,Bump Order,1,1,20260711015606834,Serve Order,HOOK_START,,20260711015606834
DT - KVS8001,Bump Order,1,1,20260711015606834,Serve Order,HOOK_END,,20260711015606890
DT - KVS8001,Bump Order,1,1,20260711020033135,Serve Order,HOOK_START,,20260711020033135
DT - KVS8001,Bump Order,1,1,20260711020033135,Serve Order,HOOK_END,,20260711020033212
DT - KVS8001,Bump Order,1,1,20260711020443926,Serve Order,HOOK_START,,20260711020443926
DT - KVS8001,Bump Order,1,1,20260711020443926,Serve Order,HOOK_END,,20260711020444087
DT - KVS8001,Bump Order,1,1,20260711020928559,Serve Order,HOOK_START,,20260711020928559
DT - KVS8001,Bump Order,1,1,20260711020928559,Serve Order,HOOK_END,,20260711020928761
DT - KVS8001,Bump Order,1,1,20260711021347801,Serve Order,HOOK_START,,20260711021347801
DT - KVS8001,Bump Order,1,1,20260711021347801,Serve Order,HOOK_END,,20260711021347903
DT - KVS8001,Bump Order,1,1,20260711021823591,Serve Order,HOOK_START,,20260711021823591
DT - KVS8001,Bump Order,1,1,20260711021823591,Serve Order,HOOK_END,,20260711021823643
DT - KVS8001,Bump Order,1,1,20260711022254955,Serve Order,HOOK_START,,20260711022254955
DT - KVS8001,Bump Order,1,1,20260711022254955,Serve Order,HOOK_END,,20260711022255007
DT - KVS8001,Bump Order,1,1,20260711022722623,Serve Order,HOOK_START,,20260711022722623
DT - KVS8001,Bump Order,1,1,20260711022722623,Serve Order,HOOK_END,,20260711022722747
DT - KVS8001,Bump Order,1,1,20260711023151139,Serve Order,HOOK_START,,20260711023151139
DT - KVS8001,Bump Order,1,1,20260711023151139,Serve Order,HOOK_END,,20260711023151198
DT - KVS8001,Bump Order,1,1,20260711023600656,Serve Order,HOOK_START,,20260711023600656
DT - KVS8001,Bump Order,1,1,20260711023600656,Serve Order,HOOK_END,,20260711023600754
DT - KVS8001,Bump Order,1,1,20260711024045713,Serve Order,HOOK_START,,20260711024045713
DT - KVS8001,Bump Order,1,1,20260711024045713,Serve Order,HOOK_END,,20260711024045765
DT - KVS8001,Bump Order,1,1,20260711024508564,Serve Order,HOOK_START,,20260711024508564
DT - KVS8001,Bump Order,1,1,20260711024508564,Serve Order,HOOK_END,,20260711024508651
DT - KVS8001,Bump Order,1,1,20260711024942874,Serve Order,HOOK_START,,20260711024942874
DT - KVS8001,Bump Order,1,1,20260711024942874,Serve Order,HOOK_END,,20260711024942981
DT - KVS8001,Bump Order,1,1,20260711025408359,Serve Order,HOOK_START,,20260711025408359
DT - KVS8001,Bump Order,1,1,20260711025408359,Serve Order,HOOK_END,,20260711025408413
DT - KVS8001,Bump Order,1,1,20260711025815873,Serve Order,HOOK_START,,20260711025815873
DT - KVS8001,Bump Order,1,1,20260711025815873,Serve Order,HOOK_END,,20260711025815927
DT - KVS8001,Bump Order,1,1,20260711030304867,Serve Order,HOOK_START,,20260711030304867
DT - KVS8001,Bump Order,1,1,20260711030304867,Serve Order,HOOK_END,,20260711030304926
DT - KVS8001,Bump Order,1,1,20260711030729238,Serve Order,HOOK_START,,20260711030729238
DT - KVS8001,Bump Order,1,1,20260711030729238,Serve Order,HOOK_END,,20260711030729297
DT - KVS8001,Bump Order,1,1,20260711031205152,Serve Order,HOOK_START,,20260711031205152
DT - KVS8001,Bump Order,1,1,20260711031205152,Serve Order,HOOK_END,,20260711031205384
DT - KVS8001,Bump Order,1,1,20260711031634511,Serve Order,HOOK_START,,20260711031634511
DT - KVS8001,Bump Order,1,1,20260711031634511,Serve Order,HOOK_END,,20260711031634563
DT - KVS8001,Bump Order,1,1,20260711032036825,Serve Order,HOOK_START,,20260711032036825
DT - KVS8001,Bump Order,1,1,20260711032036825,Serve Order,HOOK_END,,20260711032036879
DT - KVS8001,Bump Order,1,1,20260711032535187,Serve Order,HOOK_START,,20260711032535187
DT - KVS8001,Bump Order,1,1,20260711032535187,Serve Order,HOOK_END,,20260711032535279
DT - KVS8001,Bump Order,1,1,20260711032945011,Serve Order,HOOK_START,,20260711032945011
DT - KVS8001,Bump Order,1,1,20260711032945011,Serve Order,HOOK_END,,20260711032945074
DT - KVS8001,Bump Order,1,1,20260711033433306,Serve Order,HOOK_START,,20260711033433306
DT - KVS8001,Bump Order,1,1,20260711033433306,Serve Order,HOOK_END,,20260711033433477
DT - KVS8001,Bump Order,1,1,20260711033858688,Serve Order,HOOK_START,,20260711033858688
DT - KVS8001,Bump Order,1,1,20260711033858688,Serve Order,HOOK_END,,20260711033859547
DT - KVS8001,Bump Order,1,1,20260711034332902,Serve Order,HOOK_START,,20260711034332902
DT - KVS8001,Bump Order,1,1,20260711034332902,Serve Order,HOOK_END,,20260711034333091
DT - KVS8001,Bump Order,1,1,20260711034802668,Serve Order,HOOK_START,,20260711034802668
DT - KVS8001,Bump Order,1,1,20260711034802668,Serve Order,HOOK_END,,20260711034802750
DT - KVS8001,Bump Order,1,1,20260711035210059,Serve Order,HOOK_START,,20260711035210059
DT - KVS8001,Bump Order,1,1,20260711035210059,Serve Order,HOOK_END,,20260711035210193
DT - KVS8001,Bump Order,1,1,20260711035701779,Serve Order,HOOK_START,,20260711035701779
DT - KVS8001,Bump Order,1,1,20260711035701779,Serve Order,HOOK_END,,20260711035702032
DT - KVS8001,Bump Order,1,1,20260711040123847,Serve Order,HOOK_START,,20260711040123847
DT - KVS8001,Bump Order,1,1,20260711040123847,Serve Order,HOOK_END,,20260711040123900
DT - KVS8001,Bump Order,1,1,20260711040602268,Serve Order,HOOK_START,,20260711040602268
DT - KVS8001,Bump Order,1,1,20260711040602268,Serve Order,HOOK_END,,20260711040602383
DT - KVS8001,Bump Order,1,1,20260711041032334,Serve Order,HOOK_START,,20260711041032334
DT - KVS8001,Bump Order,1,1,20260711041032334,Serve Order,HOOK_END,,20260711041032463
DT - KVS8001,Bump Order,1,1,20260711041437226,Serve Order,HOOK_START,,20260711041437226
DT - KVS8001,Bump Order,1,1,20260711041437226,Serve Order,HOOK_END,,20260711041437396
DT - KVS8001,Bump Order,1,1,20260711041930394,Serve Order,HOOK_START,,20260711041930394
DT - KVS8001,Bump Order,1,1,20260711041930394,Serve Order,HOOK_END,,20260711041930461
DT - KVS8001,Bump Order,1,1,20260711042346157,Serve Order,HOOK_START,,20260711042346157
DT - KVS8001,Bump Order,1,1,20260711042346157,Serve Order,HOOK_END,,20260711042346413
DT - KVS8001,Bump Order,1,1,20260711042825175,Serve Order,HOOK_START,,20260711042825175
DT - KVS8001,Bump Order,1,1,20260711042825175,Serve Order,HOOK_END,,20260711042825264
DT - KVS8001,Bump Order,1,1,20260711043251921,Serve Order,HOOK_START,,20260711043251921
DT - KVS8001,Bump Order,1,1,20260711043251921,Serve Order,HOOK_END,,20260711043252037
DT - KVS8001,Bump Order,1,1,20260711043252472,Serve Order,HOOK_START,,20260711043252472
DT - KVS8001,Bump Order,1,1,20260711043252472,Serve Order,HOOK_END,,20260711043252680
DT - KVS8001,Bump Order,1,1,20260711043716517,Serve Order,HOOK_START,,20260711043716517
DT - KVS8001,Bump Order,1,1,20260711043716517,Serve Order,HOOK_END,,20260711043716634
DT - KVS8001,Bump Order,1,1,20260711044146786,Serve Order,HOOK_START,,20260711044146786
DT - KVS8001,Bump Order,1,1,20260711044146786,Serve Order,HOOK_END,,20260711044146838
DT - KVS8001,Bump Order,1,1,20260711044604620,Serve Order,HOOK_START,,20260711044604620
DT - KVS8001,Bump Order,1,1,20260711044604620,Serve Order,HOOK_END,,20260711044604788
DT - KVS8001,Bump Order,1,1,20260711044605834,Serve Order,HOOK_START,,20260711044605834
DT - KVS8001,Bump Order,1,1,20260711044605834,Serve Order,HOOK_END,,20260711044606054
DT - KVS8001,Bump Order,1,1,20260711045043570,Serve Order,HOOK_START,,20260711045043570
DT - KVS8001,Bump Order,1,1,20260711045043570,Serve Order,HOOK_END,,20260711045043626
DT - KVS8001,Bump Order,1,1,20260711045511985,Serve Order,HOOK_START,,20260711045511985
DT - KVS8001,Bump Order,1,1,20260711045511985,Serve Order,HOOK_END,,20260711045512283
DT - KVS8001,Bump Order,1,1,20260711045513320,Serve Order,HOOK_START,,20260711045513320
DT - KVS8001,Bump Order,1,1,20260711045513320,Serve Order,HOOK_END,,20260711045513372
DT - KVS8001,Bump Order,1,1,20260711045938744,Serve Order,HOOK_START,,20260711045938744
DT - KVS8001,Bump Order,1,1,20260711045938744,Serve Order,HOOK_END,,20260711045938930
DT - KVS8001,Bump Order,1,1,20260711050409315,Serve Order,HOOK_START,,20260711050409315
DT - KVS8001,Bump Order,1,1,20260711050409315,Serve Order,HOOK_END,,20260711050409515
DT - KVS8001,Bump Order,1,1,20260711050823757,Serve Order,HOOK_START,,20260711050823757
DT - KVS8001,Bump Order,1,1,20260711050823757,Serve Order,HOOK_END,,20260711050823889
DT - KVS8001,Bump Order,1,1,20260711051307575,Serve Order,HOOK_START,,20260711051307575
DT - KVS8001,Bump Order,1,1,20260711051307575,Serve Order,HOOK_END,,20260711051307637
DT - KVS8001,Bump Order,1,1,20260711051737607,Serve Order,HOOK_START,,20260711051737607
DT - KVS8001,Bump Order,1,1,20260711051737607,Serve Order,HOOK_END,,20260711051737659
DT - KVS8001,Bump Order,1,1,20260711051740150,Serve Order,HOOK_START,,20260711051740150
DT - KVS8001,Bump Order,1,1,20260711051740150,Serve Order,HOOK_END,,20260711051740252
DT - KVS8001,Bump Order,1,1,20260711052208368,Serve Order,HOOK_START,,20260711052208368
DT - KVS8001,Bump Order,1,1,20260711052208368,Serve Order,HOOK_END,,20260711052208420
DT - KVS8001,Bump Order,1,1,20260711052637259,Serve Order,HOOK_START,,20260711052637259
DT - KVS8001,Bump Order,1,1,20260711052637259,Serve Order,HOOK_END,,20260711052637322
DT - KVS8001,Bump Order,1,1,20260711053054575,Serve Order,HOOK_START,,20260711053054575
DT - KVS8001,Bump Order,1,1,20260711053054575,Serve Order,HOOK_END,,20260711053054654
DT - KVS8001,Bump Order,1,1,20260711053536832,Serve Order,HOOK_START,,20260711053536832
DT - KVS8001,Bump Order,1,1,20260711053536832,Serve Order,HOOK_END,,20260711053536898
DT - KVS8001,Bump Order,1,1,20260711054006718,Serve Order,HOOK_START,,20260711054006718
DT - KVS8001,Bump Order,1,1,20260711054006718,Serve Order,HOOK_END,,20260711054007228
DT - KVS8001,Bump Order,1,1,20260711054007568,Serve Order,HOOK_START,,20260711054007568
DT - KVS8001,Bump Order,1,1,20260711054007568,Serve Order,HOOK_END,,20260711054007725
DT - KVS8001,Bump Order,1,1,20260711054436851,Serve Order,HOOK_START,,20260711054436851
DT - KVS8001,Bump Order,1,1,20260711054436851,Serve Order,HOOK_END,,20260711054436987
DT - KVS8001,Bump Order,1,1,20260711054906926,Serve Order,HOOK_START,,20260711054906926
DT - KVS8001,Bump Order,1,1,20260711054906926,Serve Order,HOOK_END,,20260711054907228
DT - KVS8001,Bump Order,1,1,20260711055315342,Serve Order,HOOK_START,,20260711055315342
DT - KVS8001,Bump Order,1,1,20260711055315342,Serve Order,HOOK_END,,20260711055315508
DT - KVS8001,Bump Order,1,1,20260711055805875,Serve Order,HOOK_START,,20260711055805875
DT - KVS8001,Bump Order,1,1,20260711055805875,Serve Order,HOOK_END,,20260711055806085
DT - KVS8001,Bump Order,1,1,20260711060222465,Serve Order,HOOK_START,,20260711060222465
DT - KVS8001,Bump Order,1,1,20260711060222465,Serve Order,HOOK_END,,20260711060222519
DT - KVS8001,Bump Order,1,1,20260711060706612,Serve Order,HOOK_START,,20260711060706612
DT - KVS8001,Bump Order,1,1,20260711060706612,Serve Order,HOOK_END,,20260711060706668
DT - KVS8001,Bump Order,1,1,20260711061135005,Serve Order,HOOK_START,,20260711061135005
DT - KVS8001,Bump Order,1,1,20260711061135005,Serve Order,HOOK_END,,20260711061135221
DT - KVS8001,Bump Order,1,1,20260711061137608,Serve Order,HOOK_START,,20260711061137608
DT - KVS8001,Bump Order,1,1,20260711061137608,Serve Order,HOOK_END,,20260711061137720
DT - KVS8001,Bump Order,1,1,20260711061605701,Serve Order,HOOK_START,,20260711061605701
DT - KVS8001,Bump Order,1,1,20260711061605701,Serve Order,HOOK_END,,20260711061605768
DT - KVS8001,Bump Order,1,1,20260711062034062,Serve Order,HOOK_START,,20260711062034062
DT - KVS8001,Bump Order,1,1,20260711062034062,Serve Order,HOOK_END,,20260711062034200
DT - KVS8001,Bump Order,1,1,20260711062440652,Serve Order,HOOK_START,,20260711062440652
DT - KVS8001,Bump Order,1,1,20260711062440652,Serve Order,HOOK_END,,20260711062440709
DT - KVS8001,Bump Order,1,1,20260711062927807,Serve Order,HOOK_START,,20260711062927807
DT - KVS8001,Bump Order,1,1,20260711062927807,Serve Order,HOOK_END,,20260711062927873
DT - KVS8001,Bump Order,1,1,20260711063354081,Serve Order,HOOK_START,,20260711063354081
DT - KVS8001,Bump Order,1,1,20260711063354081,Serve Order,HOOK_END,,20260711063354148
DT - KVS8001,Bump Order,1,1,20260711063356697,Serve Order,HOOK_START,,20260711063356697
DT - KVS8001,Bump Order,1,1,20260711063356697,Serve Order,HOOK_END,,20260711063356753
DT - KVS8001,Bump Order,1,1,20260711063824552,Serve Order,HOOK_START,,20260711063824552
DT - KVS8001,Bump Order,1,1,20260711063824552,Serve Order,HOOK_END,,20260711063824676
DT - KVS8001,Bump Order,1,1,20260711064255189,Serve Order,HOOK_START,,20260711064255189
DT - KVS8001,Bump Order,1,1,20260711064255189,Serve Order,HOOK_END,,20260711064255308
DT - KVS8001,Bump Order,1,1,20260711064710457,Serve Order,HOOK_START,,20260711064710457
DT - KVS8001,Bump Order,1,1,20260711064710457,Serve Order,HOOK_END,,20260711064710691
DT - KVS8001,Bump Order,1,1,20260711065149112,Serve Order,HOOK_START,,20260711065149112
DT - KVS8001,Bump Order,1,1,20260711065149112,Serve Order,HOOK_END,,20260711065149164
DT - KVS8001,Bump Order,1,1,20260711065615741,Serve Order,HOOK_START,,20260711065615741
DT - KVS8001,Bump Order,1,1,20260711065615741,Serve Order,HOOK_END,,20260711065615809
DT - KVS8001,Bump Order,1,1,20260711070027305,Serve Order,HOOK_START,,20260711070027305
DT - KVS8001,Bump Order,1,1,20260711070027305,Serve Order,HOOK_END,,20260711070027871
DT - KVS8001,Bump Order,1,1,20260711070512735,Serve Order,HOOK_START,,20260711070512735
DT - KVS8001,Bump Order,1,1,20260711070512735,Serve Order,HOOK_END,,20260711070512937
DT - KVS8001,Bump Order,1,1,20260711070942721,Serve Order,HOOK_START,,20260711070942721
DT - KVS8001,Bump Order,1,1,20260711070942721,Serve Order,HOOK_END,,20260711070942993
DT - KVS8001,Bump Order,1,1,20260711070945329,Serve Order,HOOK_START,,20260711070945329
DT - KVS8001,Bump Order,1,1,20260711070945329,Serve Order,HOOK_END,,20260711070945469
DT - KVS8001,Bump Order,1,1,20260711071409489,Serve Order,HOOK_START,,20260711071409489
DT - KVS8001,Bump Order,1,1,20260711071409489,Serve Order,HOOK_END,,20260711071409609
DT - KVS8001,Bump Order,1,1,20260711071839147,Serve Order,HOOK_START,,20260711071839147
DT - KVS8001,Bump Order,1,1,20260711071839147,Serve Order,HOOK_END,,20260711071839415
DT - KVS8001,Bump Order,1,1,20260711072258573,Serve Order,HOOK_START,,20260711072258573
DT - KVS8001,Bump Order,1,1,20260711072258573,Serve Order,HOOK_END,,20260711072258801
DT - KVS8001,Bump Order,1,1,20260711072735832,Serve Order,HOOK_START,,20260711072735832
DT - KVS8001,Bump Order,1,1,20260711072735832,Serve Order,HOOK_END,,20260711072735887
DT - KVS8001,Bump Order,1,1,20260711073204467,Serve Order,HOOK_START,,20260711073204467
DT - KVS8001,Bump Order,1,1,20260711073204467,Serve Order,HOOK_END,,20260711073204533
DT - KVS8001,Bump Order,1,1,20260711073610541,Serve Order,HOOK_START,,20260711073610541
DT - KVS8001,Bump Order,1,1,20260711073610541,Serve Order,HOOK_END,,20260711073610624
DT - KVS8001,Bump Order,1,1,20260711074103039,Serve Order,HOOK_START,,20260711074103039
DT - KVS8001,Bump Order,1,1,20260711074103039,Serve Order,HOOK_END,,20260711074103191
DT - KVS8001,Bump Order,1,1,20260711074524308,Serve Order,HOOK_START,,20260711074524308
DT - KVS8001,Bump Order,1,1,20260711074524308,Serve Order,HOOK_END,,20260711074524480
DT - KVS8001,Bump Order,1,1,20260711074952226,Serve Order,HOOK_START,,20260711074952226
DT - KVS8001,Bump Order,1,1,20260711074952226,Serve Order,HOOK_END,,20260711074952413
DT - KVS8001,Bump Order,1,1,20260711075421813,Serve Order,HOOK_START,,20260711075421813
DT - KVS8001,Bump Order,1,1,20260711075421813,Serve Order,HOOK_END,,20260711075421995
DT - KVS8001,Bump Order,1,1,20260711075848891,Serve Order,HOOK_START,,20260711075848891
DT - KVS8001,Bump Order,1,1,20260711075848891,Serve Order,HOOK_END,,20260711075849034
DT - KVS8001,Bump Order,1,1,20260711075851391,Serve Order,HOOK_START,,20260711075851391
DT - KVS8001,Bump Order,1,1,20260711075851391,Serve Order,HOOK_END,,20260711075851442
DT - KVS8001,Bump Order,1,1,20260711080321943,Serve Order,HOOK_START,,20260711080321943
DT - KVS8001,Bump Order,1,1,20260711080321943,Serve Order,HOOK_END,,20260711080322179
