Hardware,ScenarioName,Group,Execution,ScenarioStartTime,ActionName,ActionStartTime,CounterCategory,CounterName,ProcessName,Data,Timestamp
OAT1 - KVS1003,Bump Order,1,1,20260710200653859,Serve Order,20260710200653859,CYCLE_START
OAT1 - KVS1003,Bump Order,1,1,20260710200653859,Serve Order,20260710200653859,CYCLE_END
FC - KVS1016,Bump Order,1,1,20260710201106539,Serve Order,20260710201106539,CYCLE_START
FC - KVS1016,Bump Order,1,1,20260710201106539,Serve Order,20260710201106539,CYCLE_END
OAT1 - KVS1003,Bump Order,1,1,20260710201107852,Serve Order,20260710201107852,CYCLE_START
OAT1 - KVS1003,Bump Order,1,1,20260710201107852,Serve Order,20260710201107852,CYCLE_END
OAT1 - KVS1003,Bump Order,1,1,20260710201510152,Serve Order,20260710201510152,CYCLE_START
OAT1 - KVS1003,Bump Order,1,1,20260710201510152,Serve Order,20260710201510152,CYCLE_END
FC - KVS1016,Bump Order,1,1,20260710201922821,Serve Order,20260710201922821,CYCLE_START
FC - KVS1016,Bump Order,1,1,20260710201922821,Serve Order,20260710201922821,CYCLE_END
OAT1 - KVS1003,Bump Order,1,1,20260710201924097,Serve Order,20260710201924097,CYCLE_START
OAT1 - KVS1003,Bump Order,1,1,20260710201924097,Serve Order,20260710201924097,CYCLE_END
FC - KVS1016,Bump Order,1,1,20260710202327682,Serve Order,20260710202327682,CYCLE_START
FC - KVS1016,Bump Order,1,1,20260710202327682,Serve Order,20260710202327682,CYCLE_END
OAT1 - KVS1003,Bump Order,1,1,20260710202328978,Serve Order,20260710202328978,CYCLE_START
OAT1 - KVS1003,Bump Order,1,1,20260710202328978,Serve Order,20260710202328978,CYCLE_END
FC - KVS1016,Bump Order,1,1,20260710202740441,Serve Order,20260710202740441,CYCLE_START
FC - KVS1016,Bump Order,1,1,20260710202740441,Serve Order,20260710202740441,CYCLE_END
OAT1 - KVS1003,Bump Order,1,1,20260710202741740,Serve Order,20260710202741740,CYCLE_START
OAT1 - KVS1003,Bump Order,1,1,20260710202741740,Serve Order,20260710202741740,CYCLE_END
OAT1 - KVS1003,Bump Order,1,1,20260710203143669,Serve Order,20260710203143669,CYCLE_START
OAT1 - KVS1003,Bump Order,1,1,20260710203143669,Serve Order,20260710203143669,CYCLE_END
FC - KVS1016,Bump Order,1,1,20260710203557620,Serve Order,20260710203557620,CYCLE_START
FC - KVS1016,Bump Order,1,1,20260710203557620,Serve Order,20260710203557620,CYCLE_END
OAT1 - KVS1003,Bump Order,1,1,20260710203558951,Serve Order,20260710203558951,CYCLE_START
OAT1 - KVS1003,Bump Order,1,1,20260710203558951,Serve Order,20260710203558951,CYCLE_END
FC - KVS1016,Bump Order,1,1,20260710204025308,Serve Order,20260710204025308,CYCLE_START
FC - KVS1016,Bump Order,1,1,20260710204025308,Serve Order,20260710204025308,CYCLE_END
OAT1 - KVS1003,Bump Order,1,1,20260710204026618,Serve Order,20260710204026618,CYCLE_START
OAT1 - KVS1003,Bump Order,1,1,20260710204026618,Serve Order,20260710204026618,CYCLE_END
FC - KVS1016,Bump Order,1,1,20260710204452305,Serve Order,20260710204452305,CYCLE_START
FC - KVS1016,Bump Order,1,1,20260710204452305,Serve Order,20260710204452305,CYCLE_END
OAT1 - KVS1003,Bump Order,1,1,20260710204453602,Serve Order,20260710204453602,CYCLE_START
OAT1 - KVS1003,Bump Order,1,1,20260710204453602,Serve Order,20260710204453602,CYCLE_END
FC - KVS1016,Bump Order,1,1,20260710204906967,Serve Order,20260710204906967,CYCLE_START
FC - KVS1016,Bump Order,1,1,20260710204906967,Serve Order,20260710204906967,CYCLE_END
OAT1 - KVS1003,Bump Order,1,1,20260710204908276,Serve Order,20260710204908276,CYCLE_START
OAT1 - KVS1003,Bump Order,1,1,20260710204908276,Serve Order,20260710204908276,CYCLE_END
FC - KVS1016,Bump Order,1,1,20260710205310531,Serve Order,20260710205310531,CYCLE_START
FC - KVS1016,Bump Order,1,1,20260710205310531,Serve Order,20260710205310531,CYCLE_END
OAT1 - KVS1003,Bump Order,1,1,20260710205311840,Serve Order,20260710205311840,CYCLE_START
OAT1 - KVS1003,Bump Order,1,1,20260710205311840,Serve Order,20260710205311840,CYCLE_END
FC - KVS1016,Bump Order,1,1,20260710205715401,Serve Order,20260710205715401,CYCLE_START
FC - KVS1016,Bump Order,1,1,20260710205715401,Serve Order,20260710205715401,CYCLE_END
OAT1 - KVS1003,Bump Order,1,1,20260710205716710,Serve Order,20260710205716710,CYCLE_START
OAT1 - KVS1003,Bump Order,1,1,20260710205716710,Serve Order,20260710205716710,CYCLE_END
FC - KVS1016,Bump Order,1,1,20260710210129418,Serve Order,20260710210129418,CYCLE_START
FC - KVS1016,Bump Order,1,1,20260710210129418,Serve Order,20260710210129418,CYCLE_END
OAT1 - KVS1003,Bump Order,1,1,20260710210130701,Serve Order,20260710210130701,CYCLE_START
OAT1 - KVS1003,Bump Order,1,1,20260710210130701,Serve Order,20260710210130701,CYCLE_END
FC - KVS1016,Bump Order,1,1,20260710210540770,Serve Order,20260710210540770,CYCLE_START
FC - KVS1016,Bump Order,1,1,20260710210540770,Serve Order,20260710210540770,CYCLE_END
OAT1 - KVS1003,Bump Order,1,1,20260710210542078,Serve Order,20260710210542078,CYCLE_START
OAT1 - KVS1003,Bump Order,1,1,20260710210542078,Serve Order,20260710210542078,CYCLE_END
FC - KVS1016,Bump Order,1,1,20260710210947056,Serve Order,20260710210947056,CYCLE_START
FC - KVS1016,Bump Order,1,1,20260710210947056,Serve Order,20260710210947056,CYCLE_END
OAT1 - KVS1003,Bump Order,1,1,20260710210948235,Serve Order,20260710210948235,CYCLE_START
OAT1 - KVS1003,Bump Order,1,1,20260710210948235,Serve Order,20260710210948235,CYCLE_END
FC - KVS1016,Bump Order,1,1,20260710211405504,Serve Order,20260710211405504,CYCLE_START
FC - KVS1016,Bump Order,1,1,20260710211405504,Serve Order,20260710211405504,CYCLE_END
OAT1 - KVS1003,Bump Order,1,1,20260710211406834,Serve Order,20260710211406834,CYCLE_START
OAT1 - KVS1003,Bump Order,1,1,20260710211406834,Serve Order,20260710211406834,CYCLE_END
FC - KVS1016,Bump Order,1,1,20260710211837425,Serve Order,20260710211837425,CYCLE_START
FC - KVS1016,Bump Order,1,1,20260710211837425,Serve Order,20260710211837425,CYCLE_END
OAT1 - KVS1003,Bump Order,1,1,20260710211838727,Serve Order,20260710211838727,CYCLE_START
OAT1 - KVS1003,Bump Order,1,1,20260710211838727,Serve Order,20260710211838727,CYCLE_END
FC - KVS1016,Bump Order,1,1,20260710212253132,Serve Order,20260710212253132,CYCLE_START
FC - KVS1016,Bump Order,1,1,20260710212253132,Serve Order,20260710212253132,CYCLE_END
OAT1 - KVS1003,Bump Order,1,1,20260710212254016,Serve Order,20260710212254016,CYCLE_START
OAT1 - KVS1003,Bump Order,1,1,20260710212254016,Serve Order,20260710212254016,CYCLE_END
FC - KVS1016,Bump Order,1,1,20260710212658785,Serve Order,20260710212658785,CYCLE_START
FC - KVS1016,Bump Order,1,1,20260710212658785,Serve Order,20260710212658785,CYCLE_END
OAT1 - KVS1003,Bump Order,1,1,20260710212659889,Serve Order,20260710212659889,CYCLE_START
OAT1 - KVS1003,Bump Order,1,1,20260710212659889,Serve Order,20260710212659889,CYCLE_END
FC - KVS1016,Bump Order,1,1,20260710213128226,Serve Order,20260710213128226,CYCLE_START
FC - KVS1016,Bump Order,1,1,20260710213128226,Serve Order,20260710213128226,CYCLE_END
OAT1 - KVS1003,Bump Order,1,1,20260710213129517,Serve Order,20260710213129517,CYCLE_START
OAT1 - KVS1003,Bump Order,1,1,20260710213129517,Serve Order,20260710213129517,CYCLE_END
FC - KVS1016,Bump Order,1,1,20260710213546093,Serve Order,20260710213546093,CYCLE_START
FC - KVS1016,Bump Order,1,1,20260710213546093,Serve Order,20260710213546093,CYCLE_END
OAT1 - KVS1003,Bump Order,1,1,20260710213547407,Serve Order,20260710213547407,CYCLE_START
OAT1 - KVS1003,Bump Order,1,1,20260710213547407,Serve Order,20260710213547407,CYCLE_END
OAT1 - KVS1003,Bump Order,1,1,20260710213949688,Serve Order,20260710213949688,CYCLE_START
OAT1 - KVS1003,Bump Order,1,1,20260710213949688,Serve Order,20260710213949688,CYCLE_END
FC - KVS1016,Bump Order,1,1,20260710214416046,Serve Order,20260710214416046,CYCLE_START
FC - KVS1016,Bump Order,1,1,20260710214416046,Serve Order,20260710214416046,CYCLE_END
OAT1 - KVS1003,Bump Order,1,1,20260710214417075,Serve Order,20260710214417075,CYCLE_START
OAT1 - KVS1003,Bump Order,1,1,20260710214417075,Serve Order,20260710214417075,CYCLE_END
FC - KVS1016,Bump Order,1,1,20260710214831539,Serve Order,20260710214831539,CYCLE_START
FC - KVS1016,Bump Order,1,1,20260710214831539,Serve Order,20260710214831539,CYCLE_END
OAT1 - KVS1003,Bump Order,1,1,20260710214832480,Serve Order,20260710214832480,CYCLE_START
OAT1 - KVS1003,Bump Order,1,1,20260710214832480,Serve Order,20260710214832480,CYCLE_END
OAT1 - KVS1003,Bump Order,1,1,20260710215233711,Serve Order,20260710215233711,CYCLE_START
OAT1 - KVS1003,Bump Order,1,1,20260710215233711,Serve Order,20260710215233711,CYCLE_END
FC - KVS1016,Bump Order,1,1,20260710215659598,Serve Order,20260710215659598,CYCLE_START
FC - KVS1016,Bump Order,1,1,20260710215659598,Serve Order,20260710215659598,CYCLE_END
OAT1 - KVS1003,Bump Order,1,1,20260710215700742,Serve Order,20260710215700742,CYCLE_START
OAT1 - KVS1003,Bump Order,1,1,20260710215700742,Serve Order,20260710215700742,CYCLE_END
FC - KVS1016,Bump Order,1,1,20260710220109507,Serve Order,20260710220109507,CYCLE_START
FC - KVS1016,Bump Order,1,1,20260710220109507,Serve Order,20260710220109507,CYCLE_END
FC - KVS1016,Bump Order,1,1,20260710220111071,Serve Order,20260710220111071,CYCLE_START
FC - KVS1016,Bump Order,1,1,20260710220111071,Serve Order,20260710220111071,CYCLE_END
OAT1 - KVS1003,Bump Order,1,1,20260710220110820,Serve Order,20260710220110820,CYCLE_START
OAT1 - KVS1003,Bump Order,1,1,20260710220110820,Serve Order,20260710220110820,CYCLE_END
FC - KVS1016,Bump Order,1,1,20260710220518005,Serve Order,20260710220518005,CYCLE_START
FC - KVS1016,Bump Order,1,1,20260710220518005,Serve Order,20260710220518005,CYCLE_END
OAT1 - KVS1003,Bump Order,1,1,20260710220519264,Serve Order,20260710220519264,CYCLE_START
OAT1 - KVS1003,Bump Order,1,1,20260710220519264,Serve Order,20260710220519264,CYCLE_END
FC - KVS1016,Bump Order,1,1,20260710220942128,Serve Order,20260710220942128,CYCLE_START
FC - KVS1016,Bump Order,1,1,20260710220942128,Serve Order,20260710220942128,CYCLE_END
OAT1 - KVS1003,Bump Order,1,1,20260710220943373,Serve Order,20260710220943373,CYCLE_START
OAT1 - KVS1003,Bump Order,1,1,20260710220943373,Serve Order,20260710220943373,CYCLE_END
FC - KVS1016,Bump Order,1,1,20260710221404035,Serve Order,20260710221404035,CYCLE_START
FC - KVS1016,Bump Order,1,1,20260710221404035,Serve Order,20260710221404035,CYCLE_END
OAT1 - KVS1003,Bump Order,1,1,20260710221404937,Serve Order,20260710221404937,CYCLE_START
OAT1 - KVS1003,Bump Order,1,1,20260710221404937,Serve Order,20260710221404937,CYCLE_END
FC - KVS1016,Bump Order,1,1,20260710221818276,Serve Order,20260710221818276,CYCLE_START
FC - KVS1016,Bump Order,1,1,20260710221818276,Serve Order,20260710221818276,CYCLE_END
OAT1 - KVS1003,Bump Order,1,1,20260710221819580,Serve Order,20260710221819580,CYCLE_START
OAT1 - KVS1003,Bump Order,1,1,20260710221819580,Serve Order,20260710221819580,CYCLE_END
FC - KVS1016,Bump Order,1,1,20260710222230659,Serve Order,20260710222230659,CYCLE_START
FC - KVS1016,Bump Order,1,1,20260710222230659,Serve Order,20260710222230659,CYCLE_END
OAT1 - KVS1003,Bump Order,1,1,20260710222231955,Serve Order,20260710222231955,CYCLE_START
OAT1 - KVS1003,Bump Order,1,1,20260710222231955,Serve Order,20260710222231955,CYCLE_END
FC - KVS1016,Bump Order,1,1,20260710222652479,Serve Order,20260710222652479,CYCLE_START
FC - KVS1016,Bump Order,1,1,20260710222652479,Serve Order,20260710222652479,CYCLE_END
OAT1 - KVS1003,Bump Order,1,1,20260710222653777,Serve Order,20260710222653777,CYCLE_START
OAT1 - KVS1003,Bump Order,1,1,20260710222653777,Serve Order,20260710222653777,CYCLE_END
FC - KVS1016,Bump Order,1,1,20260710223129906,Serve Order,20260710223129906,CYCLE_START
FC - KVS1016,Bump Order,1,1,20260710223129906,Serve Order,20260710223129906,CYCLE_END
FC - KVS1016,Bump Order,1,1,20260710223131211,Serve Order,20260710223131211,CYCLE_START
FC - KVS1016,Bump Order,1,1,20260710223131211,Serve Order,20260710223131211,CYCLE_END
OAT1 - KVS1003,Bump Order,1,1,20260710223131225,Serve Order,20260710223131225,CYCLE_START
OAT1 - KVS1003,Bump Order,1,1,20260710223131225,Serve Order,20260710223131225,CYCLE_END
FC - KVS1016,Bump Order,1,1,20260710223554517,Serve Order,20260710223554517,CYCLE_START
FC - KVS1016,Bump Order,1,1,20260710223554517,Serve Order,20260710223554517,CYCLE_END
OAT1 - KVS1003,Bump Order,1,1,20260710223555625,Serve Order,20260710223555625,CYCLE_START
OAT1 - KVS1003,Bump Order,1,1,20260710223555625,Serve Order,20260710223555625,CYCLE_END
FC - KVS1016,Bump Order,1,1,20260710224001824,Serve Order,20260710224001824,CYCLE_START
FC - KVS1016,Bump Order,1,1,20260710224001824,Serve Order,20260710224001824,CYCLE_END
OAT1 - KVS1003,Bump Order,1,1,20260710224003162,Serve Order,20260710224003162,CYCLE_START
OAT1 - KVS1003,Bump Order,1,1,20260710224003162,Serve Order,20260710224003162,CYCLE_END
FC - KVS1016,Bump Order,1,1,20260710224413221,Serve Order,20260710224413221,CYCLE_START
FC - KVS1016,Bump Order,1,1,20260710224413221,Serve Order,20260710224413221,CYCLE_END
OAT1 - KVS1003,Bump Order,1,1,20260710224414517,Serve Order,20260710224414517,CYCLE_START
OAT1 - KVS1003,Bump Order,1,1,20260710224414517,Serve Order,20260710224414517,CYCLE_END
FC - KVS1016,Bump Order,1,1,20260710224823306,Serve Order,20260710224823306,CYCLE_START
FC - KVS1016,Bump Order,1,1,20260710224823306,Serve Order,20260710224823306,CYCLE_END
OAT1 - KVS1003,Bump Order,1,1,20260710224824608,Serve Order,20260710224824608,CYCLE_START
OAT1 - KVS1003,Bump Order,1,1,20260710224824608,Serve Order,20260710224824608,CYCLE_END
FC - KVS1016,Bump Order,1,1,20260710225227849,Serve Order,20260710225227849,CYCLE_START
FC - KVS1016,Bump Order,1,1,20260710225227849,Serve Order,20260710225227849,CYCLE_END
OAT1 - KVS1003,Bump Order,1,1,20260710225229152,Serve Order,20260710225229152,CYCLE_START
OAT1 - KVS1003,Bump Order,1,1,20260710225229152,Serve Order,20260710225229152,CYCLE_END
FC - KVS1016,Bump Order,1,1,20260710225658365,Serve Order,20260710225658365,CYCLE_START
FC - KVS1016,Bump Order,1,1,20260710225658365,Serve Order,20260710225658365,CYCLE_END
OAT1 - KVS1003,Bump Order,1,1,20260710225659640,Serve Order,20260710225659640,CYCLE_START
OAT1 - KVS1003,Bump Order,1,1,20260710225659640,Serve Order,20260710225659640,CYCLE_END
FC - KVS1016,Bump Order,1,1,20260710230118843,Serve Order,20260710230118843,CYCLE_START
FC - KVS1016,Bump Order,1,1,20260710230118843,Serve Order,20260710230118843,CYCLE_END
OAT1 - KVS1003,Bump Order,1,1,20260710230119783,Serve Order,20260710230119783,CYCLE_START
OAT1 - KVS1003,Bump Order,1,1,20260710230119783,Serve Order,20260710230119783,CYCLE_END
FC - KVS1016,Bump Order,1,1,20260710230528565,Serve Order,20260710230528565,CYCLE_START
FC - KVS1016,Bump Order,1,1,20260710230528565,Serve Order,20260710230528565,CYCLE_END
OAT1 - KVS1003,Bump Order,1,1,20260710230529849,Serve Order,20260710230529849,CYCLE_START
OAT1 - KVS1003,Bump Order,1,1,20260710230529849,Serve Order,20260710230529849,CYCLE_END
FC - KVS1016,Bump Order,1,1,20260710230942660,Serve Order,20260710230942660,CYCLE_START
FC - KVS1016,Bump Order,1,1,20260710230942660,Serve Order,20260710230942660,CYCLE_END
OAT1 - KVS1003,Bump Order,1,1,20260710230943818,Serve Order,20260710230943818,CYCLE_START
OAT1 - KVS1003,Bump Order,1,1,20260710230943818,Serve Order,20260710230943818,CYCLE_END
FC - KVS1016,Bump Order,1,1,20260710231348394,Serve Order,20260710231348394,CYCLE_START
FC - KVS1016,Bump Order,1,1,20260710231348394,Serve Order,20260710231348394,CYCLE_END
OAT1 - KVS1003,Bump Order,1,1,20260710231349719,Serve Order,20260710231349719,CYCLE_START
OAT1 - KVS1003,Bump Order,1,1,20260710231349719,Serve Order,20260710231349719,CYCLE_END
FC - KVS1016,Bump Order,1,1,20260710231759771,Serve Order,20260710231759771,CYCLE_START
FC - KVS1016,Bump Order,1,1,20260710231759771,Serve Order,20260710231759771,CYCLE_END
OAT1 - KVS1003,Bump Order,1,1,20260710231801097,Serve Order,20260710231801097,CYCLE_START
OAT1 - KVS1003,Bump Order,1,1,20260710231801097,Serve Order,20260710231801097,CYCLE_END
FC - KVS1016,Bump Order,1,1,20260710232203349,Serve Order,20260710232203349,CYCLE_START
FC - KVS1016,Bump Order,1,1,20260710232203349,Serve Order,20260710232203349,CYCLE_END
OAT1 - KVS1003,Bump Order,1,1,20260710232204647,Serve Order,20260710232204647,CYCLE_START
OAT1 - KVS1003,Bump Order,1,1,20260710232204647,Serve Order,20260710232204647,CYCLE_END
FC - KVS1016,Bump Order,1,1,20260710232618638,Serve Order,20260710232618638,CYCLE_START
FC - KVS1016,Bump Order,1,1,20260710232618638,Serve Order,20260710232618638,CYCLE_END
OAT1 - KVS1003,Bump Order,1,1,20260710232619954,Serve Order,20260710232619954,CYCLE_START
OAT1 - KVS1003,Bump Order,1,1,20260710232619954,Serve Order,20260710232619954,CYCLE_END
FC - KVS1016,Bump Order,1,1,20260710233024510,Serve Order,20260710233024510,CYCLE_START
FC - KVS1016,Bump Order,1,1,20260710233024510,Serve Order,20260710233024510,CYCLE_END
OAT1 - KVS1003,Bump Order,1,1,20260710233025818,Serve Order,20260710233025818,CYCLE_START
OAT1 - KVS1003,Bump Order,1,1,20260710233025818,Serve Order,20260710233025818,CYCLE_END
FC - KVS1016,Bump Order,1,1,20260710233435887,Serve Order,20260710233435887,CYCLE_START
FC - KVS1016,Bump Order,1,1,20260710233435887,Serve Order,20260710233435887,CYCLE_END
OAT1 - KVS1003,Bump Order,1,1,20260710233437190,Serve Order,20260710233437190,CYCLE_START
OAT1 - KVS1003,Bump Order,1,1,20260710233437190,Serve Order,20260710233437190,CYCLE_END
FC - KVS1016,Bump Order,1,1,20260710233843070,Serve Order,20260710233843070,CYCLE_START
FC - KVS1016,Bump Order,1,1,20260710233843070,Serve Order,20260710233843070,CYCLE_END
OAT1 - KVS1003,Bump Order,1,1,20260710233844383,Serve Order,20260710233844383,CYCLE_START
OAT1 - KVS1003,Bump Order,1,1,20260710233844383,Serve Order,20260710233844383,CYCLE_END
FC - KVS1016,Bump Order,1,1,20260710234254549,Serve Order,20260710234254549,CYCLE_START
FC - KVS1016,Bump Order,1,1,20260710234254549,Serve Order,20260710234254549,CYCLE_END
OAT1 - KVS1003,Bump Order,1,1,20260710234255766,Serve Order,20260710234255766,CYCLE_START
OAT1 - KVS1003,Bump Order,1,1,20260710234255766,Serve Order,20260710234255766,CYCLE_END
FC - KVS1016,Bump Order,1,1,20260710234705277,Serve Order,20260710234705277,CYCLE_START
FC - KVS1016,Bump Order,1,1,20260710234705277,Serve Order,20260710234705277,CYCLE_END
OAT1 - KVS1003,Bump Order,1,1,20260710234706550,Serve Order,20260710234706550,CYCLE_START
OAT1 - KVS1003,Bump Order,1,1,20260710234706550,Serve Order,20260710234706550,CYCLE_END
FC - KVS1016,Bump Order,1,1,20260710235111119,Serve Order,20260710235111119,CYCLE_START
FC - KVS1016,Bump Order,1,1,20260710235111119,Serve Order,20260710235111119,CYCLE_END
OAT1 - KVS1003,Bump Order,1,1,20260710235112429,Serve Order,20260710235112429,CYCLE_START
OAT1 - KVS1003,Bump Order,1,1,20260710235112429,Serve Order,20260710235112429,CYCLE_END
FC - KVS1016,Bump Order,1,1,20260710235529694,Serve Order,20260710235529694,CYCLE_START
FC - KVS1016,Bump Order,1,1,20260710235529694,Serve Order,20260710235529694,CYCLE_END
OAT1 - KVS1003,Bump Order,1,1,20260710235531886,Serve Order,20260710235531886,CYCLE_START
OAT1 - KVS1003,Bump Order,1,1,20260710235531886,Serve Order,20260710235531886,CYCLE_END
OAT1 - KVS1003,Bump Order,1,1,20260710235531886,Serve Order,20260710235531886,CYCLE_START
OAT1 - KVS1003,Bump Order,1,1,20260710235531886,Serve Order,20260710235531886,CYCLE_END
OAT1 - KVS1003,Bump Order,1,1,20260710235934542,Serve Order,20260710235934542,CYCLE_START
OAT1 - KVS1003,Bump Order,1,1,20260710235934542,Serve Order,20260710235934542,CYCLE_END
FC - KVS1016,Bump Order,1,1,20260711000350562,Serve Order,20260711000350562,CYCLE_START
FC - KVS1016,Bump Order,1,1,20260711000350562,Serve Order,20260711000350562,CYCLE_END
OAT1 - KVS1003,Bump Order,1,1,20260711000351846,Serve Order,20260711000351846,CYCLE_START
OAT1 - KVS1003,Bump Order,1,1,20260711000351846,Serve Order,20260711000351846,CYCLE_END
FC - KVS1016,Bump Order,1,1,20260711000817616,Serve Order,20260711000817616,CYCLE_START
FC - KVS1016,Bump Order,1,1,20260711000817616,Serve Order,20260711000817616,CYCLE_END
OAT1 - KVS1003,Bump Order,1,1,20260711000818916,Serve Order,20260711000818916,CYCLE_START
OAT1 - KVS1003,Bump Order,1,1,20260711000818916,Serve Order,20260711000818916,CYCLE_END
FC - KVS1016,Bump Order,1,1,20260711001223500,Serve Order,20260711001223500,CYCLE_START
FC - KVS1016,Bump Order,1,1,20260711001223500,Serve Order,20260711001223500,CYCLE_END
OAT1 - KVS1003,Bump Order,1,1,20260711001224805,Serve Order,20260711001224805,CYCLE_START
OAT1 - KVS1003,Bump Order,1,1,20260711001224805,Serve Order,20260711001224805,CYCLE_END
FC - KVS1016,Bump Order,1,1,20260711001643128,Serve Order,20260711001643128,CYCLE_START
FC - KVS1016,Bump Order,1,1,20260711001643128,Serve Order,20260711001643128,CYCLE_END
OAT1 - KVS1003,Bump Order,1,1,20260711001643991,Serve Order,20260711001643991,CYCLE_START
OAT1 - KVS1003,Bump Order,1,1,20260711001643991,Serve Order,20260711001643991,CYCLE_END
FC - KVS1016,Bump Order,1,1,20260711001643970,Serve Order,20260711001643970,CYCLE_START
FC - KVS1016,Bump Order,1,1,20260711001643970,Serve Order,20260711001643970,CYCLE_END
FC - KVS1016,Bump Order,1,1,20260711002113700,Serve Order,20260711002113700,CYCLE_START
FC - KVS1016,Bump Order,1,1,20260711002113700,Serve Order,20260711002113700,CYCLE_END
OAT1 - KVS1003,Bump Order,1,1,20260711002114904,Serve Order,20260711002114904,CYCLE_START
OAT1 - KVS1003,Bump Order,1,1,20260711002114904,Serve Order,20260711002114904,CYCLE_END
FC - KVS1016,Bump Order,1,1,20260711002114910,Serve Order,20260711002114910,CYCLE_START
FC - KVS1016,Bump Order,1,1,20260711002114910,Serve Order,20260711002114910,CYCLE_END
FC - KVS1016,Bump Order,1,1,20260711002539608,Serve Order,20260711002539608,CYCLE_START
FC - KVS1016,Bump Order,1,1,20260711002539608,Serve Order,20260711002539608,CYCLE_END
FC - KVS1016,Bump Order,1,1,20260711002540485,Serve Order,20260711002540485,CYCLE_START
FC - KVS1016,Bump Order,1,1,20260711002540485,Serve Order,20260711002540485,CYCLE_END
OAT1 - KVS1003,Bump Order,1,1,20260711002540516,Serve Order,20260711002540516,CYCLE_START
OAT1 - KVS1003,Bump Order,1,1,20260711002540516,Serve Order,20260711002540516,CYCLE_END
FC - KVS1016,Bump Order,1,1,20260711002959701,Serve Order,20260711002959701,CYCLE_START
FC - KVS1016,Bump Order,1,1,20260711002959701,Serve Order,20260711002959701,CYCLE_END
OAT1 - KVS1003,Bump Order,1,1,20260711003001002,Serve Order,20260711003001002,CYCLE_START
OAT1 - KVS1003,Bump Order,1,1,20260711003001002,Serve Order,20260711003001002,CYCLE_END
FC - KVS1016,Bump Order,1,1,20260711003434252,Serve Order,20260711003434252,CYCLE_START
FC - KVS1016,Bump Order,1,1,20260711003434252,Serve Order,20260711003434252,CYCLE_END
OAT1 - KVS1003,Bump Order,1,1,20260711003435518,Serve Order,20260711003435518,CYCLE_START
OAT1 - KVS1003,Bump Order,1,1,20260711003435518,Serve Order,20260711003435518,CYCLE_END
FC - KVS1016,Bump Order,1,1,20260711003902520,Serve Order,20260711003902520,CYCLE_START
FC - KVS1016,Bump Order,1,1,20260711003902520,Serve Order,20260711003902520,CYCLE_END
OAT1 - KVS1003,Bump Order,1,1,20260711003903816,Serve Order,20260711003903816,CYCLE_START
OAT1 - KVS1003,Bump Order,1,1,20260711003903816,Serve Order,20260711003903816,CYCLE_END
FC - KVS1016,Bump Order,1,1,20260711004306430,Serve Order,20260711004306430,CYCLE_START
FC - KVS1016,Bump Order,1,1,20260711004306430,Serve Order,20260711004306430,CYCLE_END
OAT1 - KVS1003,Bump Order,1,1,20260711004307367,Serve Order,20260711004307367,CYCLE_START
OAT1 - KVS1003,Bump Order,1,1,20260711004307367,Serve Order,20260711004307367,CYCLE_END
FC - KVS1016,Bump Order,1,1,20260711004719988,Serve Order,20260711004719988,CYCLE_START
FC - KVS1016,Bump Order,1,1,20260711004719988,Serve Order,20260711004719988,CYCLE_END
OAT1 - KVS1003,Bump Order,1,1,20260711004721287,Serve Order,20260711004721287,CYCLE_START
OAT1 - KVS1003,Bump Order,1,1,20260711004721287,Serve Order,20260711004721287,CYCLE_END
FC - KVS1016,Bump Order,1,1,20260711005140522,Serve Order,20260711005140522,CYCLE_START
FC - KVS1016,Bump Order,1,1,20260711005140522,Serve Order,20260711005140522,CYCLE_END
OAT1 - KVS1003,Bump Order,1,1,20260711005141760,Serve Order,20260711005141760,CYCLE_START
OAT1 - KVS1003,Bump Order,1,1,20260711005141760,Serve Order,20260711005141760,CYCLE_END
FC - KVS1016,Bump Order,1,1,20260711005602249,Serve Order,20260711005602249,CYCLE_START
FC - KVS1016,Bump Order,1,1,20260711005602249,Serve Order,20260711005602249,CYCLE_END
OAT1 - KVS1003,Bump Order,1,1,20260711005603592,Serve Order,20260711005603592,CYCLE_START
OAT1 - KVS1003,Bump Order,1,1,20260711005603592,Serve Order,20260711005603592,CYCLE_END
OAT1 - KVS1003,Bump Order,1,1,20260711010005822,Serve Order,20260711010005822,CYCLE_START
OAT1 - KVS1003,Bump Order,1,1,20260711010005822,Serve Order,20260711010005822,CYCLE_END
FC - KVS1016,Bump Order,1,1,20260711010416607,Serve Order,20260711010416607,CYCLE_START
FC - KVS1016,Bump Order,1,1,20260711010416607,Serve Order,20260711010416607,CYCLE_END
OAT1 - KVS1003,Bump Order,1,1,20260711010417909,Serve Order,20260711010417909,CYCLE_START
OAT1 - KVS1003,Bump Order,1,1,20260711010417909,Serve Order,20260711010417909,CYCLE_END
FC - KVS1016,Bump Order,1,1,20260711010822504,Serve Order,20260711010822504,CYCLE_START
FC - KVS1016,Bump Order,1,1,20260711010822504,Serve Order,20260711010822504,CYCLE_END
OAT1 - KVS1003,Bump Order,1,1,20260711010823803,Serve Order,20260711010823803,CYCLE_START
OAT1 - KVS1003,Bump Order,1,1,20260711010823803,Serve Order,20260711010823803,CYCLE_END
FC - KVS1016,Bump Order,1,1,20260711011227403,Serve Order,20260711011227403,CYCLE_START
FC - KVS1016,Bump Order,1,1,20260711011227403,Serve Order,20260711011227403,CYCLE_END
OAT1 - KVS1003,Bump Order,1,1,20260711011228681,Serve Order,20260711011228681,CYCLE_START
OAT1 - KVS1003,Bump Order,1,1,20260711011228681,Serve Order,20260711011228681,CYCLE_END
FC - KVS1016,Bump Order,1,1,20260711011640129,Serve Order,20260711011640129,CYCLE_START
FC - KVS1016,Bump Order,1,1,20260711011640129,Serve Order,20260711011640129,CYCLE_END
OAT1 - KVS1003,Bump Order,1,1,20260711011641409,Serve Order,20260711011641409,CYCLE_START
OAT1 - KVS1003,Bump Order,1,1,20260711011641409,Serve Order,20260711011641409,CYCLE_END
FC - KVS1016,Bump Order,1,1,20260711012050469,Serve Order,20260711012050469,CYCLE_START
FC - KVS1016,Bump Order,1,1,20260711012050469,Serve Order,20260711012050469,CYCLE_END
OAT1 - KVS1003,Bump Order,1,1,20260711012051696,Serve Order,20260711012051696,CYCLE_START
OAT1 - KVS1003,Bump Order,1,1,20260711012051696,Serve Order,20260711012051696,CYCLE_END
FC - KVS1016,Bump Order,1,1,20260711012508310,Serve Order,20260711012508310,CYCLE_START
FC - KVS1016,Bump Order,1,1,20260711012508310,Serve Order,20260711012508310,CYCLE_END
OAT1 - KVS1003,Bump Order,1,1,20260711012509610,Serve Order,20260711012509610,CYCLE_START
OAT1 - KVS1003,Bump Order,1,1,20260711012509610,Serve Order,20260711012509610,CYCLE_END
FC - KVS1016,Bump Order,1,1,20260711012919645,Serve Order,20260711012919645,CYCLE_START
FC - KVS1016,Bump Order,1,1,20260711012919645,Serve Order,20260711012919645,CYCLE_END
OAT1 - KVS1003,Bump Order,1,1,20260711012920950,Serve Order,20260711012920950,CYCLE_START
OAT1 - KVS1003,Bump Order,1,1,20260711012920950,Serve Order,20260711012920950,CYCLE_END
FC - KVS1016,Bump Order,1,1,20260711013325876,Serve Order,20260711013325876,CYCLE_START
FC - KVS1016,Bump Order,1,1,20260711013325876,Serve Order,20260711013325876,CYCLE_END
OAT1 - KVS1003,Bump Order,1,1,20260711013327103,Serve Order,20260711013327103,CYCLE_START
OAT1 - KVS1003,Bump Order,1,1,20260711013327103,Serve Order,20260711013327103,CYCLE_END
FC - KVS1016,Bump Order,1,1,20260711013742771,Serve Order,20260711013742771,CYCLE_START
FC - KVS1016,Bump Order,1,1,20260711013742771,Serve Order,20260711013742771,CYCLE_END
OAT1 - KVS1003,Bump Order,1,1,20260711013744073,Serve Order,20260711013744073,CYCLE_START
OAT1 - KVS1003,Bump Order,1,1,20260711013744073,Serve Order,20260711013744073,CYCLE_END
FC - KVS1016,Bump Order,1,1,20260711014212374,Serve Order,20260711014212374,CYCLE_START
FC - KVS1016,Bump Order,1,1,20260711014212374,Serve Order,20260711014212374,CYCLE_END
OAT1 - KVS1003,Bump Order,1,1,20260711014213683,Serve Order,20260711014213683,CYCLE_START
OAT1 - KVS1003,Bump Order,1,1,20260711014213683,Serve Order,20260711014213683,CYCLE_END
FC - KVS1016,Bump Order,1,1,20260711014640732,Serve Order,20260711014640732,CYCLE_START
FC - KVS1016,Bump Order,1,1,20260711014640732,Serve Order,20260711014640732,CYCLE_END
OAT1 - KVS1003,Bump Order,1,1,20260711014642003,Serve Order,20260711014642003,CYCLE_START
OAT1 - KVS1003,Bump Order,1,1,20260711014642003,Serve Order,20260711014642003,CYCLE_END
FC - KVS1016,Bump Order,1,1,20260711015053207,Serve Order,20260711015053207,CYCLE_START
FC - KVS1016,Bump Order,1,1,20260711015053207,Serve Order,20260711015053207,CYCLE_END
OAT1 - KVS1003,Bump Order,1,1,20260711015054385,Serve Order,20260711015054385,CYCLE_START
OAT1 - KVS1003,Bump Order,1,1,20260711015054385,Serve Order,20260711015054385,CYCLE_END
FC - KVS1016,Bump Order,1,1,20260711015501877,Serve Order,20260711015501877,CYCLE_START
FC - KVS1016,Bump Order,1,1,20260711015501877,Serve Order,20260711015501877,CYCLE_END
OAT1 - KVS1003,Bump Order,1,1,20260711015503161,Serve Order,20260711015503161,CYCLE_START
OAT1 - KVS1003,Bump Order,1,1,20260711015503161,Serve Order,20260711015503161,CYCLE_END
FC - KVS1016,Bump Order,1,1,20260711015929561,Serve Order,20260711015929561,CYCLE_START
FC - KVS1016,Bump Order,1,1,20260711015929561,Serve Order,20260711015929561,CYCLE_END
OAT1 - KVS1003,Bump Order,1,1,20260711015930859,Serve Order,20260711015930859,CYCLE_START
OAT1 - KVS1003,Bump Order,1,1,20260711015930859,Serve Order,20260711015930859,CYCLE_END
FC - KVS1016,Bump Order,1,1,20260711020339371,Serve Order,20260711020339371,CYCLE_START
FC - KVS1016,Bump Order,1,1,20260711020339371,Serve Order,20260711020339371,CYCLE_END
OAT1 - KVS1003,Bump Order,1,1,20260711020340729,Serve Order,20260711020340729,CYCLE_START
OAT1 - KVS1003,Bump Order,1,1,20260711020340729,Serve Order,20260711020340729,CYCLE_END
FC - KVS1016,Bump Order,1,1,20260711020748458,Serve Order,20260711020748458,CYCLE_START
FC - KVS1016,Bump Order,1,1,20260711020748458,Serve Order,20260711020748458,CYCLE_END
FC - KVS1016,Bump Order,1,1,20260711020748458,Serve Order,20260711020748458,CYCLE_START
FC - KVS1016,Bump Order,1,1,20260711020748458,Serve Order,20260711020748458,CYCLE_END
OAT1 - KVS1003,Bump Order,1,1,20260711020750592,Serve Order,20260711020750592,CYCLE_START
OAT1 - KVS1003,Bump Order,1,1,20260711020750592,Serve Order,20260711020750592,CYCLE_END
OAT1 - KVS1003,Bump Order,1,1,20260711020750592,Serve Order,20260711020750592,CYCLE_START
OAT1 - KVS1003,Bump Order,1,1,20260711020750592,Serve Order,20260711020750592,CYCLE_END
FC - KVS1016,Bump Order,1,1,20260711021152556,Serve Order,20260711021152556,CYCLE_START
FC - KVS1016,Bump Order,1,1,20260711021152556,Serve Order,20260711021152556,CYCLE_END
OAT1 - KVS1003,Bump Order,1,1,20260711021153831,Serve Order,20260711021153831,CYCLE_START
OAT1 - KVS1003,Bump Order,1,1,20260711021153831,Serve Order,20260711021153831,CYCLE_END
FC - KVS1016,Bump Order,1,1,20260711021610412,Serve Order,20260711021610412,CYCLE_START
FC - KVS1016,Bump Order,1,1,20260711021610412,Serve Order,20260711021610412,CYCLE_END
FC - KVS1016,Bump Order,1,1,20260711021611719,Serve Order,20260711021611719,CYCLE_START
OAT1 - KVS1003,Bump Order,1,1,20260711021611718,Serve Order,20260711021611718,CYCLE_START
FC - KVS1016,Bump Order,1,1,20260711021611719,Serve Order,20260711021611719,CYCLE_END
OAT1 - KVS1003,Bump Order,1,1,20260711021611718,Serve Order,20260711021611718,CYCLE_END
FC - KVS1016,Bump Order,1,1,20260711022040039,Serve Order,20260711022040039,CYCLE_START
FC - KVS1016,Bump Order,1,1,20260711022040039,Serve Order,20260711022040039,CYCLE_END
FC - KVS1016,Bump Order,1,1,20260711022041349,Serve Order,20260711022041349,CYCLE_START
FC - KVS1016,Bump Order,1,1,20260711022041349,Serve Order,20260711022041349,CYCLE_END
OAT1 - KVS1003,Bump Order,1,1,20260711022041377,Serve Order,20260711022041377,CYCLE_START
OAT1 - KVS1003,Bump Order,1,1,20260711022041377,Serve Order,20260711022041377,CYCLE_END
FC - KVS1016,Bump Order,1,1,20260711022508851,Serve Order,20260711022508851,CYCLE_START
FC - KVS1016,Bump Order,1,1,20260711022508851,Serve Order,20260711022508851,CYCLE_END
OAT1 - KVS1003,Bump Order,1,1,20260711022510148,Serve Order,20260711022510148,CYCLE_START
OAT1 - KVS1003,Bump Order,1,1,20260711022510148,Serve Order,20260711022510148,CYCLE_END
FC - KVS1016,Bump Order,1,1,20260711022510149,Serve Order,20260711022510149,CYCLE_START
FC - KVS1016,Bump Order,1,1,20260711022510149,Serve Order,20260711022510149,CYCLE_END
FC - KVS1016,Bump Order,1,1,20260711022934428,Serve Order,20260711022934428,CYCLE_START
FC - KVS1016,Bump Order,1,1,20260711022934428,Serve Order,20260711022934428,CYCLE_END
OAT1 - KVS1003,Bump Order,1,1,20260711022935648,Serve Order,20260711022935648,CYCLE_START
OAT1 - KVS1003,Bump Order,1,1,20260711022935648,Serve Order,20260711022935648,CYCLE_END
FC - KVS1016,Bump Order,1,1,20260711023405395,Serve Order,20260711023405395,CYCLE_START
FC - KVS1016,Bump Order,1,1,20260711023405395,Serve Order,20260711023405395,CYCLE_END
FC - KVS1016,Bump Order,1,1,20260711023406476,Serve Order,20260711023406476,CYCLE_START
FC - KVS1016,Bump Order,1,1,20260711023406476,Serve Order,20260711023406476,CYCLE_END
OAT1 - KVS1003,Bump Order,1,1,20260711023406476,Serve Order,20260711023406476,CYCLE_START
OAT1 - KVS1003,Bump Order,1,1,20260711023406476,Serve Order,20260711023406476,CYCLE_END
FC - KVS1016,Bump Order,1,1,20260711023830984,Serve Order,20260711023830984,CYCLE_START
FC - KVS1016,Bump Order,1,1,20260711023830984,Serve Order,20260711023830984,CYCLE_END
OAT1 - KVS1003,Bump Order,1,1,20260711023832185,Serve Order,20260711023832185,CYCLE_START
OAT1 - KVS1003,Bump Order,1,1,20260711023832185,Serve Order,20260711023832185,CYCLE_END
FC - KVS1016,Bump Order,1,1,20260711024258267,Serve Order,20260711024258267,CYCLE_START
FC - KVS1016,Bump Order,1,1,20260711024258267,Serve Order,20260711024258267,CYCLE_END
FC - KVS1016,Bump Order,1,1,20260711024258267,Serve Order,20260711024258267,CYCLE_START
FC - KVS1016,Bump Order,1,1,20260711024258267,Serve Order,20260711024258267,CYCLE_END
OAT1 - KVS1003,Bump Order,1,1,20260711024259590,Serve Order,20260711024259590,CYCLE_START
OAT1 - KVS1003,Bump Order,1,1,20260711024259590,Serve Order,20260711024259590,CYCLE_END
FC - KVS1016,Bump Order,1,1,20260711024719929,Serve Order,20260711024719929,CYCLE_START
FC - KVS1016,Bump Order,1,1,20260711024719929,Serve Order,20260711024719929,CYCLE_END
OAT1 - KVS1003,Bump Order,1,1,20260711024721081,Serve Order,20260711024721081,CYCLE_START
OAT1 - KVS1003,Bump Order,1,1,20260711024721081,Serve Order,20260711024721081,CYCLE_END
FC - KVS1016,Bump Order,1,1,20260711025125350,Serve Order,20260711025125350,CYCLE_START
FC - KVS1016,Bump Order,1,1,20260711025125350,Serve Order,20260711025125350,CYCLE_END
OAT1 - KVS1003,Bump Order,1,1,20260711025126649,Serve Order,20260711025126649,CYCLE_START
OAT1 - KVS1003,Bump Order,1,1,20260711025126649,Serve Order,20260711025126649,CYCLE_END
FC - KVS1016,Bump Order,1,1,20260711025530643,Serve Order,20260711025530643,CYCLE_START
FC - KVS1016,Bump Order,1,1,20260711025530643,Serve Order,20260711025530643,CYCLE_END
OAT1 - KVS1003,Bump Order,1,1,20260711025531513,Serve Order,20260711025531513,CYCLE_START
OAT1 - KVS1003,Bump Order,1,1,20260711025531513,Serve Order,20260711025531513,CYCLE_END
OAT1 - KVS1003,Bump Order,1,1,20260711025933514,Serve Order,20260711025933514,CYCLE_START
OAT1 - KVS1003,Bump Order,1,1,20260711025933514,Serve Order,20260711025933514,CYCLE_END
FC - KVS1016,Bump Order,1,1,20260711030359908,Serve Order,20260711030359908,CYCLE_START
FC - KVS1016,Bump Order,1,1,20260711030359908,Serve Order,20260711030359908,CYCLE_END
OAT1 - KVS1003,Bump Order,1,1,20260711030401195,Serve Order,20260711030401195,CYCLE_START
OAT1 - KVS1003,Bump Order,1,1,20260711030401195,Serve Order,20260711030401195,CYCLE_END
FC - KVS1016,Bump Order,1,1,20260711030803465,Serve Order,20260711030803465,CYCLE_START
FC - KVS1016,Bump Order,1,1,20260711030803465,Serve Order,20260711030803465,CYCLE_END
OAT1 - KVS1003,Bump Order,1,1,20260711030804769,Serve Order,20260711030804769,CYCLE_START
OAT1 - KVS1003,Bump Order,1,1,20260711030804769,Serve Order,20260711030804769,CYCLE_END
FC - KVS1016,Bump Order,1,1,20260711031217441,Serve Order,20260711031217441,CYCLE_START
FC - KVS1016,Bump Order,1,1,20260711031217441,Serve Order,20260711031217441,CYCLE_END
OAT1 - KVS1003,Bump Order,1,1,20260711031218757,Serve Order,20260711031218757,CYCLE_START
OAT1 - KVS1003,Bump Order,1,1,20260711031218757,Serve Order,20260711031218757,CYCLE_END
FC - KVS1016,Bump Order,1,1,20260711031621433,Serve Order,20260711031621433,CYCLE_START
FC - KVS1016,Bump Order,1,1,20260711031621433,Serve Order,20260711031621433,CYCLE_END
OAT1 - KVS1003,Bump Order,1,1,20260711031622310,Serve Order,20260711031622310,CYCLE_START
OAT1 - KVS1003,Bump Order,1,1,20260711031622310,Serve Order,20260711031622310,CYCLE_END
FC - KVS1016,Bump Order,1,1,20260711032025560,Serve Order,20260711032025560,CYCLE_START
FC - KVS1016,Bump Order,1,1,20260711032025560,Serve Order,20260711032025560,CYCLE_END
OAT1 - KVS1003,Bump Order,1,1,20260711032026860,Serve Order,20260711032026860,CYCLE_START
OAT1 - KVS1003,Bump Order,1,1,20260711032026860,Serve Order,20260711032026860,CYCLE_END
FC - KVS1016,Bump Order,1,1,20260711032453892,Serve Order,20260711032453892,CYCLE_START
FC - KVS1016,Bump Order,1,1,20260711032453892,Serve Order,20260711032453892,CYCLE_END
OAT1 - KVS1003,Bump Order,1,1,20260711032455242,Serve Order,20260711032455242,CYCLE_START
OAT1 - KVS1003,Bump Order,1,1,20260711032455242,Serve Order,20260711032455242,CYCLE_END
FC - KVS1016,Bump Order,1,1,20260711032909181,Serve Order,20260711032909181,CYCLE_START
FC - KVS1016,Bump Order,1,1,20260711032909181,Serve Order,20260711032909181,CYCLE_END
OAT1 - KVS1003,Bump Order,1,1,20260711032910479,Serve Order,20260711032910479,CYCLE_START
OAT1 - KVS1003,Bump Order,1,1,20260711032910479,Serve Order,20260711032910479,CYCLE_END
FC - KVS1016,Bump Order,1,1,20260711033320508,Serve Order,20260711033320508,CYCLE_START
FC - KVS1016,Bump Order,1,1,20260711033320508,Serve Order,20260711033320508,CYCLE_END
FC - KVS1016,Bump Order,1,1,20260711033320950,Serve Order,20260711033320950,CYCLE_START
FC - KVS1016,Bump Order,1,1,20260711033320950,Serve Order,20260711033320950,CYCLE_END
OAT1 - KVS1003,Bump Order,1,1,20260711033320937,Serve Order,20260711033320937,CYCLE_START
OAT1 - KVS1003,Bump Order,1,1,20260711033320937,Serve Order,20260711033320937,CYCLE_END
FC - KVS1016,Bump Order,1,1,20260711033747492,Serve Order,20260711033747492,CYCLE_START
FC - KVS1016,Bump Order,1,1,20260711033747492,Serve Order,20260711033747492,CYCLE_END
OAT1 - KVS1003,Bump Order,1,1,20260711033748655,Serve Order,20260711033748655,CYCLE_START
OAT1 - KVS1003,Bump Order,1,1,20260711033748655,Serve Order,20260711033748655,CYCLE_END
FC - KVS1016,Bump Order,1,1,20260711034154813,Serve Order,20260711034154813,CYCLE_START
FC - KVS1016,Bump Order,1,1,20260711034154813,Serve Order,20260711034154813,CYCLE_END
OAT1 - KVS1003,Bump Order,1,1,20260711034156132,Serve Order,20260711034156132,CYCLE_START
OAT1 - KVS1003,Bump Order,1,1,20260711034156132,Serve Order,20260711034156132,CYCLE_END
FC - KVS1016,Bump Order,1,1,20260711034604907,Serve Order,20260711034604907,CYCLE_START
FC - KVS1016,Bump Order,1,1,20260711034604907,Serve Order,20260711034604907,CYCLE_END
OAT1 - KVS1003,Bump Order,1,1,20260711034606206,Serve Order,20260711034606206,CYCLE_START
OAT1 - KVS1003,Bump Order,1,1,20260711034606206,Serve Order,20260711034606206,CYCLE_END
FC - KVS1016,Bump Order,1,1,20260711035025424,Serve Order,20260711035025424,CYCLE_START
FC - KVS1016,Bump Order,1,1,20260711035025424,Serve Order,20260711035025424,CYCLE_END
OAT1 - KVS1003,Bump Order,1,1,20260711035026719,Serve Order,20260711035026719,CYCLE_START
OAT1 - KVS1003,Bump Order,1,1,20260711035026719,Serve Order,20260711035026719,CYCLE_END
FC - KVS1016,Bump Order,1,1,20260711035430292,Serve Order,20260711035430292,CYCLE_START
FC - KVS1016,Bump Order,1,1,20260711035430292,Serve Order,20260711035430292,CYCLE_END
OAT1 - KVS1003,Bump Order,1,1,20260711035431563,Serve Order,20260711035431563,CYCLE_START
OAT1 - KVS1003,Bump Order,1,1,20260711035431563,Serve Order,20260711035431563,CYCLE_END
FC - KVS1016,Bump Order,1,1,20260711035850439,Serve Order,20260711035850439,CYCLE_START
FC - KVS1016,Bump Order,1,1,20260711035850439,Serve Order,20260711035850439,CYCLE_END
OAT1 - KVS1003,Bump Order,1,1,20260711035851772,Serve Order,20260711035851772,CYCLE_START
OAT1 - KVS1003,Bump Order,1,1,20260711035851772,Serve Order,20260711035851772,CYCLE_END
FC - KVS1016,Bump Order,1,1,20260711040254009,Serve Order,20260711040254009,CYCLE_START
FC - KVS1016,Bump Order,1,1,20260711040254009,Serve Order,20260711040254009,CYCLE_END
OAT1 - KVS1003,Bump Order,1,1,20260711040255314,Serve Order,20260711040255314,CYCLE_START
OAT1 - KVS1003,Bump Order,1,1,20260711040255314,Serve Order,20260711040255314,CYCLE_END
FC - KVS1016,Bump Order,1,1,20260711040707990,Serve Order,20260711040707990,CYCLE_START
FC - KVS1016,Bump Order,1,1,20260711040707990,Serve Order,20260711040707990,CYCLE_END
OAT1 - KVS1003,Bump Order,1,1,20260711040709296,Serve Order,20260711040709296,CYCLE_START
OAT1 - KVS1003,Bump Order,1,1,20260711040709296,Serve Order,20260711040709296,CYCLE_END
FC - KVS1016,Bump Order,1,1,20260711041122251,Serve Order,20260711041122251,CYCLE_START
FC - KVS1016,Bump Order,1,1,20260711041122251,Serve Order,20260711041122251,CYCLE_END
OAT1 - KVS1003,Bump Order,1,1,20260711041123281,Serve Order,20260711041123281,CYCLE_START
OAT1 - KVS1003,Bump Order,1,1,20260711041123281,Serve Order,20260711041123281,CYCLE_END
FC - KVS1016,Bump Order,1,1,20260711041525689,Serve Order,20260711041525689,CYCLE_START
FC - KVS1016,Bump Order,1,1,20260711041525689,Serve Order,20260711041525689,CYCLE_END
OAT1 - KVS1003,Bump Order,1,1,20260711041526850,Serve Order,20260711041526850,CYCLE_START
OAT1 - KVS1003,Bump Order,1,1,20260711041526850,Serve Order,20260711041526850,CYCLE_END
FC - KVS1016,Bump Order,1,1,20260711041947016,Serve Order,20260711041947016,CYCLE_START
FC - KVS1016,Bump Order,1,1,20260711041947016,Serve Order,20260711041947016,CYCLE_END
OAT1 - KVS1003,Bump Order,1,1,20260711041948332,Serve Order,20260711041948332,CYCLE_START
OAT1 - KVS1003,Bump Order,1,1,20260711041948332,Serve Order,20260711041948332,CYCLE_END
FC - KVS1016,Bump Order,1,1,20260711042419717,Serve Order,20260711042419717,CYCLE_START
FC - KVS1016,Bump Order,1,1,20260711042419717,Serve Order,20260711042419717,CYCLE_END
OAT1 - KVS1003,Bump Order,1,1,20260711042421010,Serve Order,20260711042421010,CYCLE_START
OAT1 - KVS1003,Bump Order,1,1,20260711042421010,Serve Order,20260711042421010,CYCLE_END
FC - KVS1016,Bump Order,1,1,20260711042848022,Serve Order,20260711042848022,CYCLE_START
FC - KVS1016,Bump Order,1,1,20260711042848022,Serve Order,20260711042848022,CYCLE_END
OAT1 - KVS1003,Bump Order,1,1,20260711042849327,Serve Order,20260711042849327,CYCLE_START
OAT1 - KVS1003,Bump Order,1,1,20260711042849327,Serve Order,20260711042849327,CYCLE_END
FC - KVS1016,Bump Order,1,1,20260711043254604,Serve Order,20260711043254604,CYCLE_START
FC - KVS1016,Bump Order,1,1,20260711043254604,Serve Order,20260711043254604,CYCLE_END
OAT1 - KVS1003,Bump Order,1,1,20260711043255492,Serve Order,20260711043255492,CYCLE_START
OAT1 - KVS1003,Bump Order,1,1,20260711043255492,Serve Order,20260711043255492,CYCLE_END
FC - KVS1016,Bump Order,1,1,20260711043708103,Serve Order,20260711043708103,CYCLE_START
FC - KVS1016,Bump Order,1,1,20260711043708103,Serve Order,20260711043708103,CYCLE_END
FC - KVS1016,Bump Order,1,1,20260711043709407,Serve Order,20260711043709407,CYCLE_START
FC - KVS1016,Bump Order,1,1,20260711043709407,Serve Order,20260711043709407,CYCLE_END
OAT1 - KVS1003,Bump Order,1,1,20260711043709409,Serve Order,20260711043709409,CYCLE_START
OAT1 - KVS1003,Bump Order,1,1,20260711043709409,Serve Order,20260711043709409,CYCLE_END
FC - KVS1016,Bump Order,1,1,20260711044136414,Serve Order,20260711044136414,CYCLE_START
FC - KVS1016,Bump Order,1,1,20260711044136414,Serve Order,20260711044136414,CYCLE_END
FC - KVS1016,Bump Order,1,1,20260711044137715,Serve Order,20260711044137715,CYCLE_START
FC - KVS1016,Bump Order,1,1,20260711044137715,Serve Order,20260711044137715,CYCLE_END
OAT1 - KVS1003,Bump Order,1,1,20260711044137703,Serve Order,20260711044137703,CYCLE_START
OAT1 - KVS1003,Bump Order,1,1,20260711044137703,Serve Order,20260711044137703,CYCLE_END
FC - KVS1016,Bump Order,1,1,20260711044553427,Serve Order,20260711044553427,CYCLE_START
FC - KVS1016,Bump Order,1,1,20260711044553427,Serve Order,20260711044553427,CYCLE_END
OAT1 - KVS1003,Bump Order,1,1,20260711044554286,Serve Order,20260711044554286,CYCLE_START
OAT1 - KVS1003,Bump Order,1,1,20260711044554286,Serve Order,20260711044554286,CYCLE_END
FC - KVS1016,Bump Order,1,1,20260711044958530,Serve Order,20260711044958530,CYCLE_START
FC - KVS1016,Bump Order,1,1,20260711044958530,Serve Order,20260711044958530,CYCLE_END
OAT1 - KVS1003,Bump Order,1,1,20260711044959864,Serve Order,20260711044959864,CYCLE_START
OAT1 - KVS1003,Bump Order,1,1,20260711044959864,Serve Order,20260711044959864,CYCLE_END
FC - KVS1016,Bump Order,1,1,20260711044959831,Serve Order,20260711044959831,CYCLE_START
FC - KVS1016,Bump Order,1,1,20260711044959831,Serve Order,20260711044959831,CYCLE_END
FC - KVS1016,Bump Order,1,1,20260711045424539,Serve Order,20260711045424539,CYCLE_START
FC - KVS1016,Bump Order,1,1,20260711045424539,Serve Order,20260711045424539,CYCLE_END
FC - KVS1016,Bump Order,1,1,20260711045425606,Serve Order,20260711045425606,CYCLE_START
FC - KVS1016,Bump Order,1,1,20260711045425606,Serve Order,20260711045425606,CYCLE_END
OAT1 - KVS1003,Bump Order,1,1,20260711045425612,Serve Order,20260711045425612,CYCLE_START
OAT1 - KVS1003,Bump Order,1,1,20260711045425612,Serve Order,20260711045425612,CYCLE_END
FC - KVS1016,Bump Order,1,1,20260711045845220,Serve Order,20260711045845220,CYCLE_START
FC - KVS1016,Bump Order,1,1,20260711045845220,Serve Order,20260711045845220,CYCLE_END
OAT1 - KVS1003,Bump Order,1,1,20260711045846090,Serve Order,20260711045846090,CYCLE_START
OAT1 - KVS1003,Bump Order,1,1,20260711045846090,Serve Order,20260711045846090,CYCLE_END
FC - KVS1016,Bump Order,1,1,20260711050318970,Serve Order,20260711050318970,CYCLE_START
FC - KVS1016,Bump Order,1,1,20260711050318970,Serve Order,20260711050318970,CYCLE_END
OAT1 - KVS1003,Bump Order,1,1,20260711050320295,Serve Order,20260711050320295,CYCLE_START
OAT1 - KVS1003,Bump Order,1,1,20260711050320295,Serve Order,20260711050320295,CYCLE_END
FC - KVS1016,Bump Order,1,1,20260711050320275,Serve Order,20260711050320275,CYCLE_START
FC - KVS1016,Bump Order,1,1,20260711050320275,Serve Order,20260711050320275,CYCLE_END
FC - KVS1016,Bump Order,1,1,20260711050747268,Serve Order,20260711050747268,CYCLE_START
FC - KVS1016,Bump Order,1,1,20260711050747268,Serve Order,20260711050747268,CYCLE_END
FC - KVS1016,Bump Order,1,1,20260711050748674,Serve Order,20260711050748674,CYCLE_START
FC - KVS1016,Bump Order,1,1,20260711050748674,Serve Order,20260711050748674,CYCLE_END
OAT1 - KVS1003,Bump Order,1,1,20260711050748589,Serve Order,20260711050748589,CYCLE_START
OAT1 - KVS1003,Bump Order,1,1,20260711050748589,Serve Order,20260711050748589,CYCLE_END
FC - KVS1016,Bump Order,1,1,20260711051215652,Serve Order,20260711051215652,CYCLE_START
FC - KVS1016,Bump Order,1,1,20260711051215652,Serve Order,20260711051215652,CYCLE_END
FC - KVS1016,Bump Order,1,1,20260711051217021,Serve Order,20260711051217021,CYCLE_START
FC - KVS1016,Bump Order,1,1,20260711051217021,Serve Order,20260711051217021,CYCLE_END
OAT1 - KVS1003,Bump Order,1,1,20260711051217135,Serve Order,20260711051217135,CYCLE_START
OAT1 - KVS1003,Bump Order,1,1,20260711051217135,Serve Order,20260711051217135,CYCLE_END
FC - KVS1016,Bump Order,1,1,20260711051618876,Serve Order,20260711051618876,CYCLE_START
FC - KVS1016,Bump Order,1,1,20260711051618876,Serve Order,20260711051618876,CYCLE_END
OAT1 - KVS1003,Bump Order,1,1,20260711051620187,Serve Order,20260711051620187,CYCLE_START
OAT1 - KVS1003,Bump Order,1,1,20260711051620187,Serve Order,20260711051620187,CYCLE_END
FC - KVS1016,Bump Order,1,1,20260711052033562,Serve Order,20260711052033562,CYCLE_START
FC - KVS1016,Bump Order,1,1,20260711052033562,Serve Order,20260711052033562,CYCLE_END
FC - KVS1016,Bump Order,1,1,20260711052034862,Serve Order,20260711052034862,CYCLE_START
OAT1 - KVS1003,Bump Order,1,1,20260711052034860,Serve Order,20260711052034860,CYCLE_START
FC - KVS1016,Bump Order,1,1,20260711052034862,Serve Order,20260711052034862,CYCLE_END
OAT1 - KVS1003,Bump Order,1,1,20260711052034860,Serve Order,20260711052034860,CYCLE_END
FC - KVS1016,Bump Order,1,1,20260711052502166,Serve Order,20260711052502166,CYCLE_START
FC - KVS1016,Bump Order,1,1,20260711052502166,Serve Order,20260711052502166,CYCLE_END
OAT1 - KVS1003,Bump Order,1,1,20260711052503151,Serve Order,20260711052503151,CYCLE_START
OAT1 - KVS1003,Bump Order,1,1,20260711052503151,Serve Order,20260711052503151,CYCLE_END
FC - KVS1016,Bump Order,1,1,20260711052503150,Serve Order,20260711052503150,CYCLE_START
FC - KVS1016,Bump Order,1,1,20260711052503150,Serve Order,20260711052503150,CYCLE_END
OAT1 - KVS1003,Bump Order,1,1,20260711052905395,Serve Order,20260711052905395,CYCLE_START
OAT1 - KVS1003,Bump Order,1,1,20260711052905395,Serve Order,20260711052905395,CYCLE_END
FC - KVS1016,Bump Order,1,1,20260711053320995,Serve Order,20260711053320995,CYCLE_START
FC - KVS1016,Bump Order,1,1,20260711053320995,Serve Order,20260711053320995,CYCLE_END
FC - KVS1016,Bump Order,1,1,20260711053321952,Serve Order,20260711053321952,CYCLE_START
FC - KVS1016,Bump Order,1,1,20260711053321952,Serve Order,20260711053321952,CYCLE_END
OAT1 - KVS1003,Bump Order,1,1,20260711053321958,Serve Order,20260711053321958,CYCLE_START
OAT1 - KVS1003,Bump Order,1,1,20260711053321958,Serve Order,20260711053321958,CYCLE_END
FC - KVS1016,Bump Order,1,1,20260711053750953,Serve Order,20260711053750953,CYCLE_START
FC - KVS1016,Bump Order,1,1,20260711053750953,Serve Order,20260711053750953,CYCLE_END
FC - KVS1016,Bump Order,1,1,20260711053752248,Serve Order,20260711053752248,CYCLE_START
FC - KVS1016,Bump Order,1,1,20260711053752248,Serve Order,20260711053752248,CYCLE_END
OAT1 - KVS1003,Bump Order,1,1,20260711053752241,Serve Order,20260711053752241,CYCLE_START
OAT1 - KVS1003,Bump Order,1,1,20260711053752241,Serve Order,20260711053752241,CYCLE_END
FC - KVS1016,Bump Order,1,1,20260711054157776,Serve Order,20260711054157776,CYCLE_START
FC - KVS1016,Bump Order,1,1,20260711054157776,Serve Order,20260711054157776,CYCLE_END
OAT1 - KVS1003,Bump Order,1,1,20260711054158471,Serve Order,20260711054158471,CYCLE_START
OAT1 - KVS1003,Bump Order,1,1,20260711054158471,Serve Order,20260711054158471,CYCLE_END
FC - KVS1016,Bump Order,1,1,20260711054606854,Serve Order,20260711054606854,CYCLE_START
FC - KVS1016,Bump Order,1,1,20260711054606854,Serve Order,20260711054606854,CYCLE_END
OAT1 - KVS1003,Bump Order,1,1,20260711054608138,Serve Order,20260711054608138,CYCLE_START
OAT1 - KVS1003,Bump Order,1,1,20260711054608138,Serve Order,20260711054608138,CYCLE_END
FC - KVS1016,Bump Order,1,1,20260711055033820,Serve Order,20260711055033820,CYCLE_START
FC - KVS1016,Bump Order,1,1,20260711055033820,Serve Order,20260711055033820,CYCLE_END
OAT1 - KVS1003,Bump Order,1,1,20260711055036023,Serve Order,20260711055036023,CYCLE_START
OAT1 - KVS1003,Bump Order,1,1,20260711055036023,Serve Order,20260711055036023,CYCLE_END
FC - KVS1016,Bump Order,1,1,20260711055437462,Serve Order,20260711055437462,CYCLE_START
FC - KVS1016,Bump Order,1,1,20260711055437462,Serve Order,20260711055437462,CYCLE_END
FC - KVS1016,Bump Order,1,1,20260711055437462,Serve Order,20260711055437462,CYCLE_START
FC - KVS1016,Bump Order,1,1,20260711055437462,Serve Order,20260711055437462,CYCLE_END
OAT1 - KVS1003,Bump Order,1,1,20260711055439475,Serve Order,20260711055439475,CYCLE_START
OAT1 - KVS1003,Bump Order,1,1,20260711055439475,Serve Order,20260711055439475,CYCLE_END
FC - KVS1016,Bump Order,1,1,20260711055852462,Serve Order,20260711055852462,CYCLE_START
FC - KVS1016,Bump Order,1,1,20260711055852462,Serve Order,20260711055852462,CYCLE_END
OAT1 - KVS1003,Bump Order,1,1,20260711055853741,Serve Order,20260711055853741,CYCLE_START
OAT1 - KVS1003,Bump Order,1,1,20260711055853741,Serve Order,20260711055853741,CYCLE_END
FC - KVS1016,Bump Order,1,1,20260711060306603,Serve Order,20260711060306603,CYCLE_START
FC - KVS1016,Bump Order,1,1,20260711060306603,Serve Order,20260711060306603,CYCLE_END
OAT1 - KVS1003,Bump Order,1,1,20260711060307698,Serve Order,20260711060307698,CYCLE_START
OAT1 - KVS1003,Bump Order,1,1,20260711060307698,Serve Order,20260711060307698,CYCLE_END
OAT1 - KVS1003,Bump Order,1,1,20260711060709638,Serve Order,20260711060709638,CYCLE_START
OAT1 - KVS1003,Bump Order,1,1,20260711060709638,Serve Order,20260711060709638,CYCLE_END
FC - KVS1016,Bump Order,1,1,20260711061124899,Serve Order,20260711061124899,CYCLE_START
FC - KVS1016,Bump Order,1,1,20260711061124899,Serve Order,20260711061124899,CYCLE_END
OAT1 - KVS1003,Bump Order,1,1,20260711061126202,Serve Order,20260711061126202,CYCLE_START
OAT1 - KVS1003,Bump Order,1,1,20260711061126202,Serve Order,20260711061126202,CYCLE_END
OAT1 - KVS1003,Bump Order,1,1,20260711061528159,Serve Order,20260711061528159,CYCLE_START
OAT1 - KVS1003,Bump Order,1,1,20260711061528159,Serve Order,20260711061528159,CYCLE_END
FC - KVS1016,Bump Order,1,1,20260711061944691,Serve Order,20260711061944691,CYCLE_START
FC - KVS1016,Bump Order,1,1,20260711061944691,Serve Order,20260711061944691,CYCLE_END
OAT1 - KVS1003,Bump Order,1,1,20260711061946010,Serve Order,20260711061946010,CYCLE_START
OAT1 - KVS1003,Bump Order,1,1,20260711061946010,Serve Order,20260711061946010,CYCLE_END
FC - KVS1016,Bump Order,1,1,20260711062412995,Serve Order,20260711062412995,CYCLE_START
FC - KVS1016,Bump Order,1,1,20260711062412995,Serve Order,20260711062412995,CYCLE_END
OAT1 - KVS1003,Bump Order,1,1,20260711062414295,Serve Order,20260711062414295,CYCLE_START
OAT1 - KVS1003,Bump Order,1,1,20260711062414295,Serve Order,20260711062414295,CYCLE_END
FC - KVS1016,Bump Order,1,1,20260711062839978,Serve Order,20260711062839978,CYCLE_START
FC - KVS1016,Bump Order,1,1,20260711062839978,Serve Order,20260711062839978,CYCLE_END
OAT1 - KVS1003,Bump Order,1,1,20260711062841264,Serve Order,20260711062841264,CYCLE_START
OAT1 - KVS1003,Bump Order,1,1,20260711062841264,Serve Order,20260711062841264,CYCLE_END
FC - KVS1016,Bump Order,1,1,20260711063259373,Serve Order,20260711063259373,CYCLE_START
FC - KVS1016,Bump Order,1,1,20260711063259373,Serve Order,20260711063259373,CYCLE_END
OAT1 - KVS1003,Bump Order,1,1,20260711063300442,Serve Order,20260711063300442,CYCLE_START
OAT1 - KVS1003,Bump Order,1,1,20260711063300442,Serve Order,20260711063300442,CYCLE_END
FC - KVS1016,Bump Order,1,1,20260711063708911,Serve Order,20260711063708911,CYCLE_START
FC - KVS1016,Bump Order,1,1,20260711063708911,Serve Order,20260711063708911,CYCLE_END
OAT1 - KVS1003,Bump Order,1,1,20260711063710203,Serve Order,20260711063710203,CYCLE_START
OAT1 - KVS1003,Bump Order,1,1,20260711063710203,Serve Order,20260711063710203,CYCLE_END
FC - KVS1016,Bump Order,1,1,20260711064134265,Serve Order,20260711064134265,CYCLE_START
FC - KVS1016,Bump Order,1,1,20260711064134265,Serve Order,20260711064134265,CYCLE_END
OAT1 - KVS1003,Bump Order,1,1,20260711064135584,Serve Order,20260711064135584,CYCLE_START
OAT1 - KVS1003,Bump Order,1,1,20260711064135584,Serve Order,20260711064135584,CYCLE_END
FC - KVS1016,Bump Order,1,1,20260711064548559,Serve Order,20260711064548559,CYCLE_START
FC - KVS1016,Bump Order,1,1,20260711064548559,Serve Order,20260711064548559,CYCLE_END
OAT1 - KVS1003,Bump Order,1,1,20260711064549813,Serve Order,20260711064549813,CYCLE_START
OAT1 - KVS1003,Bump Order,1,1,20260711064549813,Serve Order,20260711064549813,CYCLE_END
FC - KVS1016,Bump Order,1,1,20260711064956105,Serve Order,20260711064956105,CYCLE_START
FC - KVS1016,Bump Order,1,1,20260711064956105,Serve Order,20260711064956105,CYCLE_END
FC - KVS1016,Bump Order,1,1,20260711064956988,Serve Order,20260711064956988,CYCLE_START
FC - KVS1016,Bump Order,1,1,20260711064956988,Serve Order,20260711064956988,CYCLE_END
OAT1 - KVS1003,Bump Order,1,1,20260711064956988,Serve Order,20260711064956988,CYCLE_START
OAT1 - KVS1003,Bump Order,1,1,20260711064956988,Serve Order,20260711064956988,CYCLE_END
FC - KVS1016,Bump Order,1,1,20260711065423685,Serve Order,20260711065423685,CYCLE_START
FC - KVS1016,Bump Order,1,1,20260711065423685,Serve Order,20260711065423685,CYCLE_END
OAT1 - KVS1003,Bump Order,1,1,20260711065425577,Serve Order,20260711065425577,CYCLE_START
OAT1 - KVS1003,Bump Order,1,1,20260711065425577,Serve Order,20260711065425577,CYCLE_END
FC - KVS1016,Bump Order,1,1,20260711065425575,Serve Order,20260711065425575,CYCLE_START
FC - KVS1016,Bump Order,1,1,20260711065425575,Serve Order,20260711065425575,CYCLE_END
FC - KVS1016,Bump Order,1,1,20260711065834496,Serve Order,20260711065834496,CYCLE_START
FC - KVS1016,Bump Order,1,1,20260711065834496,Serve Order,20260711065834496,CYCLE_END
OAT1 - KVS1003,Bump Order,1,1,20260711065835633,Serve Order,20260711065835633,CYCLE_START
OAT1 - KVS1003,Bump Order,1,1,20260711065835633,Serve Order,20260711065835633,CYCLE_END
FC - KVS1016,Bump Order,1,1,20260711070244070,Serve Order,20260711070244070,CYCLE_START
FC - KVS1016,Bump Order,1,1,20260711070244070,Serve Order,20260711070244070,CYCLE_END
OAT1 - KVS1003,Bump Order,1,1,20260711070245387,Serve Order,20260711070245387,CYCLE_START
OAT1 - KVS1003,Bump Order,1,1,20260711070245387,Serve Order,20260711070245387,CYCLE_END
FC - KVS1016,Bump Order,1,1,20260711070245371,Serve Order,20260711070245371,CYCLE_START
FC - KVS1016,Bump Order,1,1,20260711070245371,Serve Order,20260711070245371,CYCLE_END
FC - KVS1016,Bump Order,1,1,20260711070708498,Serve Order,20260711070708498,CYCLE_START
FC - KVS1016,Bump Order,1,1,20260711070708498,Serve Order,20260711070708498,CYCLE_END
OAT1 - KVS1003,Bump Order,1,1,20260711070709839,Serve Order,20260711070709839,CYCLE_START
OAT1 - KVS1003,Bump Order,1,1,20260711070709839,Serve Order,20260711070709839,CYCLE_END
FC - KVS1016,Bump Order,1,1,20260711071128993,Serve Order,20260711071128993,CYCLE_START
FC - KVS1016,Bump Order,1,1,20260711071128993,Serve Order,20260711071128993,CYCLE_END
OAT1 - KVS1003,Bump Order,1,1,20260711071130295,Serve Order,20260711071130295,CYCLE_START
OAT1 - KVS1003,Bump Order,1,1,20260711071130295,Serve Order,20260711071130295,CYCLE_END
FC - KVS1016,Bump Order,1,1,20260711071536436,Serve Order,20260711071536436,CYCLE_START
FC - KVS1016,Bump Order,1,1,20260711071536436,Serve Order,20260711071536436,CYCLE_END
OAT1 - KVS1003,Bump Order,1,1,20260711071537746,Serve Order,20260711071537746,CYCLE_START
OAT1 - KVS1003,Bump Order,1,1,20260711071537746,Serve Order,20260711071537746,CYCLE_END
FC - KVS1016,Bump Order,1,1,20260711071954503,Serve Order,20260711071954503,CYCLE_START
FC - KVS1016,Bump Order,1,1,20260711071954503,Serve Order,20260711071954503,CYCLE_END
OAT1 - KVS1003,Bump Order,1,1,20260711071955612,Serve Order,20260711071955612,CYCLE_START
OAT1 - KVS1003,Bump Order,1,1,20260711071955612,Serve Order,20260711071955612,CYCLE_END
FC - KVS1016,Bump Order,1,1,20260711072422634,Serve Order,20260711072422634,CYCLE_START
FC - KVS1016,Bump Order,1,1,20260711072422634,Serve Order,20260711072422634,CYCLE_END
FC - KVS1016,Bump Order,1,1,20260711072423888,Serve Order,20260711072423888,CYCLE_START
OAT1 - KVS1003,Bump Order,1,1,20260711072423912,Serve Order,20260711072423912,CYCLE_START
FC - KVS1016,Bump Order,1,1,20260711072423888,Serve Order,20260711072423888,CYCLE_END
OAT1 - KVS1003,Bump Order,1,1,20260711072423912,Serve Order,20260711072423912,CYCLE_END
FC - KVS1016,Bump Order,1,1,20260711072849576,Serve Order,20260711072849576,CYCLE_START
FC - KVS1016,Bump Order,1,1,20260711072849576,Serve Order,20260711072849576,CYCLE_END
OAT1 - KVS1003,Bump Order,1,1,20260711072850893,Serve Order,20260711072850893,CYCLE_START
OAT1 - KVS1003,Bump Order,1,1,20260711072850893,Serve Order,20260711072850893,CYCLE_END
FC - KVS1016,Bump Order,1,1,20260711073317888,Serve Order,20260711073317888,CYCLE_START
FC - KVS1016,Bump Order,1,1,20260711073317888,Serve Order,20260711073317888,CYCLE_END
OAT1 - KVS1003,Bump Order,1,1,20260711073319157,Serve Order,20260711073319157,CYCLE_START
OAT1 - KVS1003,Bump Order,1,1,20260711073319157,Serve Order,20260711073319157,CYCLE_END
FC - KVS1016,Bump Order,1,1,20260711073721797,Serve Order,20260711073721797,CYCLE_START
FC - KVS1016,Bump Order,1,1,20260711073721797,Serve Order,20260711073721797,CYCLE_END
OAT1 - KVS1003,Bump Order,1,1,20260711073722806,Serve Order,20260711073722806,CYCLE_START
OAT1 - KVS1003,Bump Order,1,1,20260711073722806,Serve Order,20260711073722806,CYCLE_END
FC - KVS1016,Bump Order,1,1,20260711074147091,Serve Order,20260711074147091,CYCLE_START
FC - KVS1016,Bump Order,1,1,20260711074147091,Serve Order,20260711074147091,CYCLE_END
OAT1 - KVS1003,Bump Order,1,1,20260711074148380,Serve Order,20260711074148380,CYCLE_START
OAT1 - KVS1003,Bump Order,1,1,20260711074148380,Serve Order,20260711074148380,CYCLE_END
FC - KVS1016,Bump Order,1,1,20260711074550087,Serve Order,20260711074550087,CYCLE_START
FC - KVS1016,Bump Order,1,1,20260711074550087,Serve Order,20260711074550087,CYCLE_END
OAT1 - KVS1003,Bump Order,1,1,20260711074551336,Serve Order,20260711074551336,CYCLE_START
OAT1 - KVS1003,Bump Order,1,1,20260711074551336,Serve Order,20260711074551336,CYCLE_END
FC - KVS1016,Bump Order,1,1,20260711075004595,Serve Order,20260711075004595,CYCLE_START
FC - KVS1016,Bump Order,1,1,20260711075004595,Serve Order,20260711075004595,CYCLE_END
OAT1 - KVS1003,Bump Order,1,1,20260711075005807,Serve Order,20260711075005807,CYCLE_START
OAT1 - KVS1003,Bump Order,1,1,20260711075005807,Serve Order,20260711075005807,CYCLE_END
OAT1 - KVS1003,Bump Order,1,1,20260711075408027,Serve Order,20260711075408027,CYCLE_START
OAT1 - KVS1003,Bump Order,1,1,20260711075408027,Serve Order,20260711075408027,CYCLE_END
FC - KVS1016,Bump Order,1,1,20260711075813263,Serve Order,20260711075813263,CYCLE_START
FC - KVS1016,Bump Order,1,1,20260711075813263,Serve Order,20260711075813263,CYCLE_END
OAT1 - KVS1003,Bump Order,1,1,20260711075814492,Serve Order,20260711075814492,CYCLE_START
OAT1 - KVS1003,Bump Order,1,1,20260711075814492,Serve Order,20260711075814492,CYCLE_END
FC - KVS1016,Bump Order,1,1,20260711080216832,Serve Order,20260711080216832,CYCLE_START
FC - KVS1016,Bump Order,1,1,20260711080216832,Serve Order,20260711080216832,CYCLE_END
OAT1 - KVS1003,Bump Order,1,1,20260711080218124,Serve Order,20260711080218124,CYCLE_START
OAT1 - KVS1003,Bump Order,1,1,20260711080218124,Serve Order,20260711080218124,CYCLE_END
